epoch,time,train/box_loss,train/seg_loss,train/cls_loss,train/dfl_loss,metrics/precision(B),metrics/recall(B),metrics/mAP50(B),metrics/mAP50-95(B),metrics/precision(M),metrics/recall(M),metrics/mAP50(M),metrics/mAP50-95(M),val/box_loss,val/seg_loss,val/cls_loss,val/dfl_loss,lr/pg0,lr/pg1,lr/pg2
1,11.5136,5.49029,7.64216,6.4395,4.34518,0,0,0,0,0,0,0,0,5.07765,4.06004,4.02001,3.66864,8e-05,8e-05,8e-05
2,22.7658,5.41083,6.51197,4.34202,3.76767,0.00083,0.02564,0.00043,0.00013,0.00083,0.02564,0.00043,0.00013,4.36371,4.2934,3.67663,2.53335,0.000179109,0.000179109,0.000179109
3,34.0313,5.20618,4.53876,4.25529,3.34085,0.00167,0.05128,0.00088,0.00026,0.00083,0.02564,0.00043,9e-05,4.26624,4.85145,3.60203,2.34276,0.000277228,0.000277228,0.000277228
4,45.8879,4.67254,4.45432,3.89429,2.72408,0.00083,0.02564,0.00044,4e-05,0,0,0,0,5.00076,4.87961,3.9251,2.72236,0.000374357,0.000374357,0.000374357
5,57.5629,3.87489,3.82621,3.38653,2.21393,0,0,0,0,0,0,0,0,4.91838,6.2479,3.95795,2.5718,0.000470496,0.000470496,0.000470496
6,69.2322,3.84277,3.85025,3.46811,2.1193,0.00083,0.02564,0.00116,0.00012,0,0,0,0,4.83938,10.9919,3.89033,2.4592,0.000565645,0.000565645,0.000565645
7,80.9601,3.99722,3.79502,3.19335,2.096,0.00667,0.20513,0.00809,0.00155,0.00667,0.20513,0.01488,0.00217,4.24803,15.4752,3.4435,2.53219,0.000659804,0.000659804,0.000659804
8,92.0306,3.73605,3.25307,3.46319,2.08629,0.00667,0.20513,0.00809,0.00155,0.00667,0.20513,0.01488,0.00217,4.24803,15.4752,3.4435,2.53219,0.000752973,0.000752973,0.000752973
9,104.66,3.43115,3.46734,3.06606,2.00432,0.01083,0.33333,0.02501,0.00682,0.00667,0.20513,0.01864,0.00385,4.18349,24.3362,3.28155,2.87589,0.000845152,0.000845152,0.000845152
10,116.262,3.60616,3.49801,3.06651,1.94832,0.00833,0.25641,0.01074,0.00286,0.0075,0.23077,0.00715,0.00137,4.25839,6.20299,3.43626,2.78666,0.000936341,0.000936341,0.000936341
11,127.759,3.21192,3.09049,2.86894,1.87827,0.00833,0.25641,0.01074,0.00286,0.0075,0.23077,0.00715,0.00137,4.25839,6.20299,3.43626,2.78666,0.00102654,0.00102654,0.00102654
12,139.614,3.23736,3.48181,2.90893,1.94988,0.13534,0.05128,0.04526,0.02053,0.13118,0.05128,0.04497,0.01379,3.5938,5.60045,3.22094,2.00203,0.00111575,0.00111575,0.00111575
13,150.841,3.11504,2.90973,2.69246,1.89075,0.13534,0.05128,0.04526,0.02053,0.13118,0.05128,0.04497,0.01379,3.5938,5.60045,3.22094,2.00203,0.00120397,0.00120397,0.00120397
14,162.312,3.21106,3.71075,2.78373,1.86235,0.13534,0.05128,0.04526,0.02053,0.13118,0.05128,0.04497,0.01379,3.5938,5.60045,3.22094,2.00203,0.0012912,0.0012912,0.0012912
15,174.126,3.29271,3.4144,2.73291,1.94313,0.16927,0.05128,0.02901,0.00889,0.01,0.30769,0.01431,0.00276,3.97032,9.27948,3.14019,2.50901,0.00137744,0.00137744,0.00137744
16,185.951,3.31135,3.14396,2.68294,1.88624,0.16927,0.05128,0.02901,0.00889,0.01,0.30769,0.01431,0.00276,3.97032,9.27948,3.14019,2.50901,0.00146269,0.00146269,0.00146269
17,197.672,3.1089,3.23629,2.67669,1.86979,0.16927,0.05128,0.02901,0.00889,0.01,0.30769,0.01431,0.00276,3.97032,9.27948,3.14019,2.50901,0.00154694,0.00154694,0.00154694
18,209.437,2.85642,2.68239,2.49306,1.77692,0.00667,0.20513,0.0041,0.001,0.01241,0.07692,0.00564,0.00135,4.09712,8.86818,3.32223,2.31918,0.00163021,0.00163021,0.00163021
19,220.755,2.98043,2.88794,2.58148,1.94681,0.00667,0.20513,0.0041,0.001,0.01241,0.07692,0.00564,0.00135,4.09712,8.86818,3.32223,2.31918,0.00171249,0.00171249,0.00171249
20,231.753,3.47619,3.76546,2.7345,1.70126,0.00667,0.20513,0.0041,0.001,0.01241,0.07692,0.00564,0.00135,4.09712,8.86818,3.32223,2.31918,0.00179378,0.00179378,0.00179378
21,243.949,3.24095,3.07286,2.54379,1.853,0.01907,0.10256,0.014,0.00274,0.03414,0.17949,0.01774,0.00378,3.8907,5.12026,3.33025,2.30607,0.001802,0.001802,0.001802
22,255.381,3.01429,2.8618,2.46795,1.87614,0.01907,0.10256,0.014,0.00274,0.03414,0.17949,0.01774,0.00378,3.8907,5.12026,3.33025,2.30607,0.0017921,0.0017921,0.0017921
23,267.495,2.80729,2.92682,2.43626,1.80664,0.01907,0.10256,0.014,0.00274,0.03414,0.17949,0.01774,0.00378,3.8907,5.12026,3.33025,2.30607,0.0017822,0.0017822,0.0017822
24,279.449,2.89083,2.9912,2.44609,1.72291,0.07265,0.12821,0.02971,0.00622,0.06629,0.17949,0.03679,0.00513,3.79264,7.32127,2.91066,2.0663,0.0017723,0.0017723,0.0017723
25,293.512,2.95136,3.0507,2.32674,1.83517,0.07265,0.12821,0.02971,0.00622,0.06629,0.17949,0.03679,0.00513,3.79264,7.32127,2.91066,2.0663,0.0017624,0.0017624,0.0017624
26,307.259,2.98307,3.50641,2.2882,1.95888,0.07265,0.12821,0.02971,0.00622,0.06629,0.17949,0.03679,0.00513,3.79264,7.32127,2.91066,2.0663,0.0017525,0.0017525,0.0017525
27,321.105,3.05368,2.95977,2.48135,1.82031,0.09264,0.12821,0.03389,0.00702,0.14263,0.12821,0.05472,0.00983,3.54154,4.61192,3.80748,2.03768,0.0017426,0.0017426,0.0017426
28,335.699,2.76014,2.77653,2.19716,1.75737,0.09264,0.12821,0.03389,0.00702,0.14263,0.12821,0.05472,0.00983,3.54154,4.61192,3.80748,2.03768,0.0017327,0.0017327,0.0017327
29,348.401,2.99451,3.09485,2.38435,1.74904,0.09264,0.12821,0.03389,0.00702,0.14263,0.12821,0.05472,0.00983,3.54154,4.61192,3.80748,2.03768,0.0017228,0.0017228,0.0017228
30,362.539,2.91412,3.14802,2.20909,1.89326,0.0643,0.15385,0.03067,0.00728,0.06941,0.25641,0.03033,0.00747,3.8132,4.45193,3.42245,2.12813,0.0017129,0.0017129,0.0017129
31,376.002,2.74713,2.99514,2.27576,1.80372,0.0643,0.15385,0.03067,0.00728,0.06941,0.25641,0.03033,0.00747,3.8132,4.45193,3.42245,2.12813,0.001703,0.001703,0.001703
32,389.03,3.02067,3.04432,2.24054,1.73505,0.0643,0.15385,0.03067,0.00728,0.06941,0.25641,0.03033,0.00747,3.8132,4.45193,3.42245,2.12813,0.0016931,0.0016931,0.0016931
33,402.957,2.90952,3.15902,2.41771,1.81825,0.0643,0.15385,0.03067,0.00728,0.06941,0.25641,0.03033,0.00747,3.8132,4.45193,3.42245,2.12813,0.0016832,0.0016832,0.0016832
34,417.32,2.71189,2.90645,2.53844,1.69968,0.08956,0.15385,0.03573,0.00716,0.12389,0.20513,0.04348,0.00786,3.58458,3.4092,4.61325,1.8041,0.0016733,0.0016733,0.0016733
35,431.207,2.60867,2.7746,2.19883,1.74384,0.08956,0.15385,0.03573,0.00716,0.12389,0.20513,0.04348,0.00786,3.58458,3.4092,4.61325,1.8041,0.0016634,0.0016634,0.0016634
36,444.743,2.9649,3.14925,2.32224,1.76681,0.08956,0.15385,0.03573,0.00716,0.12389,0.20513,0.04348,0.00786,3.58458,3.4092,4.61325,1.8041,0.0016535,0.0016535,0.0016535
37,459.557,3.02585,2.89689,2.23892,1.7696,0.05732,0.23077,0.0385,0.0057,0.07038,0.12821,0.03893,0.00583,3.57075,3.50694,6.20985,1.66743,0.0016436,0.0016436,0.0016436
38,473.264,2.85395,3.31758,2.35353,1.74556,0.05732,0.23077,0.0385,0.0057,0.07038,0.12821,0.03893,0.00583,3.57075,3.50694,6.20985,1.66743,0.0016337,0.0016337,0.0016337
39,483.801,2.72818,2.66998,2.16541,1.69563,0.05732,0.23077,0.0385,0.0057,0.07038,0.12821,0.03893,0.00583,3.57075,3.50694,6.20985,1.66743,0.0016238,0.0016238,0.0016238
40,493.037,2.69935,3.2364,2.52725,1.65553,0.07621,0.23077,0.04363,0.00838,0.05896,0.23077,0.03068,0.00676,3.46684,3.76597,5.09005,1.78594,0.0016139,0.0016139,0.0016139
41,501.112,2.64974,2.89906,2.62382,1.78442,0.07621,0.23077,0.04363,0.00838,0.05896,0.23077,0.03068,0.00676,3.46684,3.76597,5.09005,1.78594,0.001604,0.001604,0.001604
42,509.171,2.59387,2.75523,2.2065,1.69226,0.07621,0.23077,0.04363,0.00838,0.05896,0.23077,0.03068,0.00676,3.46684,3.76597,5.09005,1.78594,0.0015941,0.0015941,0.0015941
43,517.081,2.75798,2.79394,2.93221,1.70269,0.11283,0.15385,0.04726,0.01123,0.13763,0.15385,0.05252,0.01531,3.59717,3.71114,3.45746,1.84313,0.0015842,0.0015842,0.0015842
44,524.9,2.64164,2.8424,2.12788,1.79054,0.11283,0.15385,0.04726,0.01123,0.13763,0.15385,0.05252,0.01531,3.59717,3.71114,3.45746,1.84313,0.0015743,0.0015743,0.0015743
45,532.647,2.55428,2.58841,2.18855,1.74282,0.11283,0.15385,0.04726,0.01123,0.13763,0.15385,0.05252,0.01531,3.59717,3.71114,3.45746,1.84313,0.0015644,0.0015644,0.0015644
46,540.761,2.93636,3.33179,2.24525,1.69023,0.04417,0.23077,0.02505,0.00672,0.06066,0.17949,0.02841,0.00729,3.53244,3.72999,3.82243,1.85978,0.0015545,0.0015545,0.0015545
47,548.909,2.82741,3.11056,2.23676,1.72468,0.04417,0.23077,0.02505,0.00672,0.06066,0.17949,0.02841,0.00729,3.53244,3.72999,3.82243,1.85978,0.0015446,0.0015446,0.0015446
48,556.826,2.52141,3.0555,2.21337,1.84679,0.04417,0.23077,0.02505,0.00672,0.06066,0.17949,0.02841,0.00729,3.53244,3.72999,3.82243,1.85978,0.0015347,0.0015347,0.0015347
49,564.957,2.68145,2.85587,2.40741,1.71151,0.04417,0.23077,0.02505,0.00672,0.06066,0.17949,0.02841,0.00729,3.53244,3.72999,3.82243,1.85978,0.0015248,0.0015248,0.0015248
50,573.273,2.38978,2.79305,2.15232,1.63875,0.03362,0.23077,0.02587,0.00582,0.0755,0.14456,0.03167,0.00792,3.29168,3.25471,3.36278,1.67202,0.0015149,0.0015149,0.0015149
51,581.472,2.69754,2.64245,2.38395,1.62229,0.03362,0.23077,0.02587,0.00582,0.0755,0.14456,0.03167,0.00792,3.29168,3.25471,3.36278,1.67202,0.001505,0.001505,0.001505
52,590.068,2.65275,2.71273,2.543,1.61433,0.03362,0.23077,0.02587,0.00582,0.0755,0.14456,0.03167,0.00792,3.29168,3.25471,3.36278,1.67202,0.0014951,0.0014951,0.0014951
53,599.316,2.47116,2.53311,2.13119,1.58509,0.04919,0.10256,0.03465,0.00746,0.08504,0.17949,0.04917,0.0085,3.22028,3.43909,3.29374,1.52973,0.0014852,0.0014852,0.0014852
54,608.5,2.7875,2.9531,2.38913,1.57114,0.04919,0.10256,0.03465,0.00746,0.08504,0.17949,0.04917,0.0085,3.22028,3.43909,3.29374,1.52973,0.0014753,0.0014753,0.0014753
55,617.687,2.55274,2.65007,2.26481,1.53581,0.04919,0.10256,0.03465,0.00746,0.08504,0.17949,0.04917,0.0085,3.22028,3.43909,3.29374,1.52973,0.0014654,0.0014654,0.0014654
56,627.05,2.61025,3.0056,2.2162,1.59316,0.29426,0.07692,0.07594,0.01563,0.26078,0.10256,0.08846,0.02151,3.0537,3.59623,4.74441,1.50814,0.0014555,0.0014555,0.0014555
57,636.234,2.63345,2.59089,2.17141,1.62214,0.29426,0.07692,0.07594,0.01563,0.26078,0.10256,0.08846,0.02151,3.0537,3.59623,4.74441,1.50814,0.0014456,0.0014456,0.0014456
58,645.32,2.52728,2.67094,2.2095,1.74318,0.29426,0.07692,0.07594,0.01563,0.26078,0.10256,0.08846,0.02151,3.0537,3.59623,4.74441,1.50814,0.0014357,0.0014357,0.0014357
59,654.584,2.55829,3.19762,2.22213,1.70811,0.1491,0.23077,0.10187,0.02198,0.18643,0.15385,0.09757,0.01943,3.17195,3.8191,4.76778,1.54887,0.0014258,0.0014258,0.0014258
60,664.132,2.59558,2.87252,2.54812,1.5857,0.1491,0.23077,0.10187,0.02198,0.18643,0.15385,0.09757,0.01943,3.17195,3.8191,4.76778,1.54887,0.0014159,0.0014159,0.0014159
61,673.2,2.37185,2.31644,2.18361,1.50784,0.1491,0.23077,0.10187,0.02198,0.18643,0.15385,0.09757,0.01943,3.17195,3.8191,4.76778,1.54887,0.001406,0.001406,0.001406
62,682.035,2.70005,2.75907,3.21737,1.50533,0.27507,0.10256,0.08095,0.0254,0.11141,0.25641,0.06817,0.02597,3.28872,4.33003,4.02193,1.72308,0.0013961,0.0013961,0.0013961
63,691.115,2.46146,2.6227,2.12897,1.47344,0.27507,0.10256,0.08095,0.0254,0.11141,0.25641,0.06817,0.02597,3.28872,4.33003,4.02193,1.72308,0.0013862,0.0013862,0.0013862
64,700.334,2.42466,2.85724,2.11548,1.72237,0.27507,0.10256,0.08095,0.0254,0.11141,0.25641,0.06817,0.02597,3.28872,4.33003,4.02193,1.72308,0.0013763,0.0013763,0.0013763
65,709.273,2.53027,2.8206,2.38242,1.55602,0.27507,0.10256,0.08095,0.0254,0.11141,0.25641,0.06817,0.02597,3.28872,4.33003,4.02193,1.72308,0.0013664,0.0013664,0.0013664
66,718.766,2.45523,2.55285,2.14483,1.627,0.13938,0.15385,0.0719,0.02816,0.1713,0.17949,0.07078,0.02526,3.10369,4.43601,3.55351,1.70758,0.0013565,0.0013565,0.0013565
67,728.167,2.5464,3.38726,2.30588,1.57828,0.13938,0.15385,0.0719,0.02816,0.1713,0.17949,0.07078,0.02526,3.10369,4.43601,3.55351,1.70758,0.0013466,0.0013466,0.0013466
68,737.383,2.41595,2.76929,2.00246,1.56822,0.13938,0.15385,0.0719,0.02816,0.1713,0.17949,0.07078,0.02526,3.10369,4.43601,3.55351,1.70758,0.0013367,0.0013367,0.0013367
69,747.021,2.33421,2.69488,2.14306,1.57431,0.1352,0.15385,0.11604,0.04107,0.13086,0.17949,0.11595,0.04409,3.18579,4.26981,3.06047,1.79373,0.0013268,0.0013268,0.0013268
70,756.483,2.53559,2.72509,2.17511,1.56619,0.1352,0.15385,0.11604,0.04107,0.13086,0.17949,0.11595,0.04409,3.18579,4.26981,3.06047,1.79373,0.0013169,0.0013169,0.0013169
71,766.594,2.46581,2.65932,2.14269,1.53087,0.1352,0.15385,0.11604,0.04107,0.13086,0.17949,0.11595,0.04409,3.18579,4.26981,3.06047,1.79373,0.001307,0.001307,0.001307
72,776.678,2.51661,2.79838,2.10568,1.69946,0.08099,0.17949,0.08106,0.01741,0.08847,0.25641,0.08149,0.0219,3.35103,3.9629,3.36683,1.92433,0.0012971,0.0012971,0.0012971
73,786.722,2.39554,2.58131,2.00237,1.55005,0.08099,0.17949,0.08106,0.01741,0.08847,0.25641,0.08149,0.0219,3.35103,3.9629,3.36683,1.92433,0.0012872,0.0012872,0.0012872
74,796.51,2.47317,2.6141,2.08758,1.57539,0.08099,0.17949,0.08106,0.01741,0.08847,0.25641,0.08149,0.0219,3.35103,3.9629,3.36683,1.92433,0.0012773,0.0012773,0.0012773
75,805.995,2.4007,2.57492,2.17009,1.57953,0.63448,0.07692,0.10656,0.02293,0.63448,0.07692,0.1075,0.02396,3.15724,3.48484,3.55246,1.70752,0.0012674,0.0012674,0.0012674
76,815.54,2.40098,2.75783,2.45608,1.50905,0.63448,0.07692,0.10656,0.02293,0.63448,0.07692,0.1075,0.02396,3.15724,3.48484,3.55246,1.70752,0.0012575,0.0012575,0.0012575
77,825.092,2.34394,2.71864,2.10442,1.52042,0.63448,0.07692,0.10656,0.02293,0.63448,0.07692,0.1075,0.02396,3.15724,3.48484,3.55246,1.70752,0.0012476,0.0012476,0.0012476
78,834.659,2.53412,2.49184,2.4295,1.4571,0.45985,0.07692,0.12366,0.0243,0.09943,0.23077,0.10226,0.02086,2.89918,3.30498,3.41319,1.56271,0.0012377,0.0012377,0.0012377
79,844.198,2.65949,2.88962,2.26545,1.57691,0.45985,0.07692,0.12366,0.0243,0.09943,0.23077,0.10226,0.02086,2.89918,3.30498,3.41319,1.56271,0.0012278,0.0012278,0.0012278
80,853.84,2.39175,2.58559,2.15683,1.51367,0.45985,0.07692,0.12366,0.0243,0.09943,0.23077,0.10226,0.02086,2.89918,3.30498,3.41319,1.56271,0.0012179,0.0012179,0.0012179
81,863.506,2.45693,2.39799,2.02068,1.43517,0.45985,0.07692,0.12366,0.0243,0.09943,0.23077,0.10226,0.02086,2.89918,3.30498,3.41319,1.56271,0.001208,0.001208,0.001208
82,873.157,2.37587,2.70198,2.84908,1.5727,0.24563,0.12821,0.13785,0.03411,0.12608,0.25641,0.13396,0.03307,2.86329,3.38709,3.27727,1.50983,0.0011981,0.0011981,0.0011981
83,882.524,2.60784,2.7736,2.04257,1.48085,0.24563,0.12821,0.13785,0.03411,0.12608,0.25641,0.13396,0.03307,2.86329,3.38709,3.27727,1.50983,0.0011882,0.0011882,0.0011882
84,892.177,2.31367,2.51845,2.01074,1.54469,0.24563,0.12821,0.13785,0.03411,0.12608,0.25641,0.13396,0.03307,2.86329,3.38709,3.27727,1.50983,0.0011783,0.0011783,0.0011783
85,901.853,2.43007,2.26695,2.11384,1.54312,0.50088,0.10256,0.14373,0.03331,0.3027,0.15385,0.15237,0.04162,2.94647,3.38339,3.46681,1.50446,0.0011684,0.0011684,0.0011684
86,911.528,2.35561,2.82849,2.00293,1.65764,0.50088,0.10256,0.14373,0.03331,0.3027,0.15385,0.15237,0.04162,2.94647,3.38339,3.46681,1.50446,0.0011585,0.0011585,0.0011585
87,920.775,2.26721,2.33938,2.09861,1.52212,0.50088,0.10256,0.14373,0.03331,0.3027,0.15385,0.15237,0.04162,2.94647,3.38339,3.46681,1.50446,0.0011486,0.0011486,0.0011486
88,930.521,2.51827,2.85509,2.03087,1.49549,0.14833,0.20513,0.12884,0.04423,0.16503,0.17949,0.14122,0.05322,3.10727,3.38394,3.44423,1.46257,0.0011387,0.0011387,0.0011387
89,940.265,2.46387,2.80844,1.90209,1.52273,0.14833,0.20513,0.12884,0.04423,0.16503,0.17949,0.14122,0.05322,3.10727,3.38394,3.44423,1.46257,0.0011288,0.0011288,0.0011288
90,949.442,2.52764,2.42659,2.40785,1.54511,0.14833,0.20513,0.12884,0.04423,0.16503,0.17949,0.14122,0.05322,3.10727,3.38394,3.44423,1.46257,0.0011189,0.0011189,0.0011189
91,959.669,2.51577,2.86485,1.97516,1.54546,0.1268,0.17949,0.13186,0.03863,0.12642,0.25641,0.13059,0.04842,3.16598,3.41173,3.85834,1.50543,0.001109,0.001109,0.001109
92,969.215,2.51162,2.32848,2.51496,1.45751,0.1268,0.17949,0.13186,0.03863,0.12642,0.25641,0.13059,0.04842,3.16598,3.41173,3.85834,1.50543,0.0010991,0.0010991,0.0010991
93,978.619,2.50157,2.51056,2.20718,1.48857,0.1268,0.17949,0.13186,0.03863,0.12642,0.25641,0.13059,0.04842,3.16598,3.41173,3.85834,1.50543,0.0010892,0.0010892,0.0010892
94,988.345,2.44942,3.19483,2.11908,1.53885,0.25812,0.12821,0.10939,0.02282,0.25812,0.12821,0.11465,0.032,3.19957,3.49489,4.04723,1.50042,0.0010793,0.0010793,0.0010793
95,997.708,2.31991,2.64565,2.07282,1.65043,0.25812,0.12821,0.10939,0.02282,0.25812,0.12821,0.11465,0.032,3.19957,3.49489,4.04723,1.50042,0.0010694,0.0010694,0.0010694
96,1007.35,2.3692,2.5619,1.89398,1.4716,0.25812,0.12821,0.10939,0.02282,0.25812,0.12821,0.11465,0.032,3.19957,3.49489,4.04723,1.50042,0.0010595,0.0010595,0.0010595
97,1017.04,2.30143,2.465,2.03793,1.4296,0.25812,0.12821,0.10939,0.02282,0.25812,0.12821,0.11465,0.032,3.19957,3.49489,4.04723,1.50042,0.0010496,0.0010496,0.0010496
98,1027.08,2.37732,2.67612,1.93717,1.51266,0.28596,0.10256,0.14201,0.03289,0.13985,0.17949,0.14888,0.03855,3.26742,3.62149,3.58484,1.45094,0.0010397,0.0010397,0.0010397
99,1036.6,2.31876,2.62297,2.32365,1.53685,0.28596,0.10256,0.14201,0.03289,0.13985,0.17949,0.14888,0.03855,3.26742,3.62149,3.58484,1.45094,0.0010298,0.0010298,0.0010298
100,1046.13,2.23946,2.40515,2.01827,1.51299,0.28596,0.10256,0.14201,0.03289,0.13985,0.17949,0.14888,0.03855,3.26742,3.62149,3.58484,1.45094,0.0010199,0.0010199,0.0010199
101,1055.88,2.32357,2.87234,1.96099,1.48171,0.26974,0.15385,0.13038,0.03999,0.21743,0.17949,0.13865,0.05421,3.27367,3.5978,3.28907,1.52185,0.00101,0.00101,0.00101
102,1065.36,2.28839,2.24092,1.92383,1.40935,0.26974,0.15385,0.13038,0.03999,0.21743,0.17949,0.13865,0.05421,3.27367,3.5978,3.28907,1.52185,0.0010001,0.0010001,0.0010001
103,1074.93,2.58142,3.08088,2.21835,1.63645,0.26974,0.15385,0.13038,0.03999,0.21743,0.17949,0.13865,0.05421,3.27367,3.5978,3.28907,1.52185,0.0009902,0.0009902,0.0009902
104,1084.62,2.17336,2.40725,1.98868,1.52893,0.16918,0.20513,0.13095,0.04508,0.19144,0.20513,0.14505,0.05967,3.20359,3.54336,2.97519,1.52596,0.0009803,0.0009803,0.0009803
105,1094.25,2.44036,2.86477,1.94851,1.45924,0.16918,0.20513,0.13095,0.04508,0.19144,0.20513,0.14505,0.05967,3.20359,3.54336,2.97519,1.52596,0.0009704,0.0009704,0.0009704
106,1103.88,2.13083,2.34992,1.91555,1.5621,0.16918,0.20513,0.13095,0.04508,0.19144,0.20513,0.14505,0.05967,3.20359,3.54336,2.97519,1.52596,0.0009605,0.0009605,0.0009605
107,1113.58,2.14371,2.42243,1.94153,1.49877,0.17342,0.23077,0.1541,0.05209,0.21308,0.23077,0.16961,0.06392,3.02698,3.45881,2.7357,1.54546,0.0009506,0.0009506,0.0009506
108,1123.18,2.21347,2.42809,1.90414,1.61351,0.17342,0.23077,0.1541,0.05209,0.21308,0.23077,0.16961,0.06392,3.02698,3.45881,2.7357,1.54546,0.0009407,0.0009407,0.0009407
109,1132.63,2.12532,2.74166,1.93962,1.44918,0.17342,0.23077,0.1541,0.05209,0.21308,0.23077,0.16961,0.06392,3.02698,3.45881,2.7357,1.54546,0.0009308,0.0009308,0.0009308
110,1142,2.39821,2.82393,1.88912,1.47907,0.2666,0.20513,0.17266,0.06117,0.2666,0.20513,0.17175,0.06087,2.92464,3.46142,2.67384,1.56482,0.0009209,0.0009209,0.0009209
111,1151.69,2.29013,2.62532,1.99719,1.54022,0.2666,0.20513,0.17266,0.06117,0.2666,0.20513,0.17175,0.06087,2.92464,3.46142,2.67384,1.56482,0.000911,0.000911,0.000911
112,1161.56,2.36999,2.5421,1.95545,1.41617,0.2666,0.20513,0.17266,0.06117,0.2666,0.20513,0.17175,0.06087,2.92464,3.46142,2.67384,1.56482,0.0009011,0.0009011,0.0009011
113,1171.39,2.40494,2.76332,1.91289,1.39684,0.2666,0.20513,0.17266,0.06117,0.2666,0.20513,0.17175,0.06087,2.92464,3.46142,2.67384,1.56482,0.0008912,0.0008912,0.0008912
114,1181.25,2.31011,2.89743,2.01499,1.36804,0.1967,0.23077,0.18931,0.06405,0.27247,0.22106,0.18109,0.05781,2.83761,3.57453,2.6748,1.50335,0.0008813,0.0008813,0.0008813
115,1190.87,2.31907,2.62616,2.01967,1.42005,0.1967,0.23077,0.18931,0.06405,0.27247,0.22106,0.18109,0.05781,2.83761,3.57453,2.6748,1.50335,0.0008714,0.0008714,0.0008714
116,1201.22,2.12937,2.26952,1.86964,1.43504,0.1967,0.23077,0.18931,0.06405,0.27247,0.22106,0.18109,0.05781,2.83761,3.57453,2.6748,1.50335,0.0008615,0.0008615,0.0008615
117,1212.5,2.36269,2.60964,1.99896,1.30214,0.17063,0.38462,0.21056,0.06441,0.32722,0.17949,0.20801,0.06493,2.90578,3.74399,2.46319,1.56431,0.0008516,0.0008516,0.0008516
118,1222.32,2.29763,2.98451,2.20447,1.45031,0.17063,0.38462,0.21056,0.06441,0.32722,0.17949,0.20801,0.06493,2.90578,3.74399,2.46319,1.56431,0.0008417,0.0008417,0.0008417
119,1231.79,2.23491,2.84876,2.23058,1.38708,0.17063,0.38462,0.21056,0.06441,0.32722,0.17949,0.20801,0.06493,2.90578,3.74399,2.46319,1.56431,0.0008318,0.0008318,0.0008318
120,1241.52,2.25812,2.79373,1.87337,1.57616,0.21365,0.46154,0.21936,0.06507,0.21862,0.48718,0.22935,0.0664,2.96455,3.8072,2.38688,1.54094,0.0008219,0.0008219,0.0008219
121,1251.37,2.3171,2.54092,1.8597,1.4668,0.21365,0.46154,0.21936,0.06507,0.21862,0.48718,0.22935,0.0664,2.96455,3.8072,2.38688,1.54094,0.000812,0.000812,0.000812
122,1260.76,2.05371,2.37649,1.78371,1.45046,0.21365,0.46154,0.21936,0.06507,0.21862,0.48718,0.22935,0.0664,2.96455,3.8072,2.38688,1.54094,0.0008021,0.0008021,0.0008021
123,1270.34,2.28924,2.52614,1.99477,1.48954,0.21977,0.30769,0.16733,0.04732,0.22296,0.28205,0.198,0.06373,3.13203,3.87641,2.58268,1.61372,0.0007922,0.0007922,0.0007922
124,1279.84,2.53206,2.93905,2.06141,1.43037,0.21977,0.30769,0.16733,0.04732,0.22296,0.28205,0.198,0.06373,3.13203,3.87641,2.58268,1.61372,0.0007823,0.0007823,0.0007823
125,1289.07,2.12855,2.09958,7.66315,1.41896,0.21977,0.30769,0.16733,0.04732,0.22296,0.28205,0.198,0.06373,3.13203,3.87641,2.58268,1.61372,0.0007724,0.0007724,0.0007724
126,1298.67,2.32881,2.35721,1.95979,1.42789,0.19527,0.25641,0.16278,0.04801,0.20537,0.25641,0.17807,0.0657,3.16543,3.87134,2.5571,1.62814,0.0007625,0.0007625,0.0007625
127,1308.17,2.29722,2.48667,1.97308,1.4025,0.19527,0.25641,0.16278,0.04801,0.20537,0.25641,0.17807,0.0657,3.16543,3.87134,2.5571,1.62814,0.0007526,0.0007526,0.0007526
128,1317.78,2.14408,2.18175,2.29515,1.30838,0.19527,0.25641,0.16278,0.04801,0.20537,0.25641,0.17807,0.0657,3.16543,3.87134,2.5571,1.62814,0.0007427,0.0007427,0.0007427
129,1327.49,2.30214,2.31838,2.00317,1.36804,0.19527,0.25641,0.16278,0.04801,0.20537,0.25641,0.17807,0.0657,3.16543,3.87134,2.5571,1.62814,0.0007328,0.0007328,0.0007328
130,1337.33,2.29622,3.1133,1.94351,1.4482,0.28893,0.25641,0.23295,0.06219,0.25414,0.28205,0.17645,0.06785,3.00394,3.67476,2.4767,1.55667,0.0007229,0.0007229,0.0007229
131,1346.82,2.24418,2.53693,1.89205,1.44259,0.28893,0.25641,0.23295,0.06219,0.25414,0.28205,0.17645,0.06785,3.00394,3.67476,2.4767,1.55667,0.000713,0.000713,0.000713
132,1356.06,2.21601,2.48312,2.03256,1.41923,0.28893,0.25641,0.23295,0.06219,0.25414,0.28205,0.17645,0.06785,3.00394,3.67476,2.4767,1.55667,0.0007031,0.0007031,0.0007031
133,1365.85,2.13116,2.62455,1.90426,1.47594,0.46028,0.17949,0.23111,0.07551,0.21822,0.25641,0.207,0.07798,2.828,3.44632,2.45016,1.45925,0.0006932,0.0006932,0.0006932
134,1375.45,2.14272,2.60105,1.97431,1.39335,0.46028,0.17949,0.23111,0.07551,0.21822,0.25641,0.207,0.07798,2.828,3.44632,2.45016,1.45925,0.0006833,0.0006833,0.0006833
135,1385.08,2.15832,2.39869,1.97373,1.40226,0.46028,0.17949,0.23111,0.07551,0.21822,0.25641,0.207,0.07798,2.828,3.44632,2.45016,1.45925,0.0006734,0.0006734,0.0006734
136,1394.88,2.30637,2.64229,2.11378,1.42558,0.47206,0.20513,0.24595,0.09688,0.47206,0.20513,0.24174,0.09154,2.7835,3.35138,2.49699,1.48315,0.0006635,0.0006635,0.0006635
137,1404.29,2.04803,2.38223,1.93249,1.45354,0.47206,0.20513,0.24595,0.09688,0.47206,0.20513,0.24174,0.09154,2.7835,3.35138,2.49699,1.48315,0.0006536,0.0006536,0.0006536
138,1413.88,2.04572,2.48926,2.02396,1.48336,0.47206,0.20513,0.24595,0.09688,0.47206,0.20513,0.24174,0.09154,2.7835,3.35138,2.49699,1.48315,0.0006437,0.0006437,0.0006437
139,1423.4,2.26596,2.37945,1.99887,1.38181,0.45911,0.19623,0.23669,0.07213,0.56389,0.20513,0.24847,0.08768,2.82823,3.35024,2.52894,1.44291,0.0006338,0.0006338,0.0006338
140,1432.68,2.26956,2.1408,1.99912,1.4193,0.45911,0.19623,0.23669,0.07213,0.56389,0.20513,0.24847,0.08768,2.82823,3.35024,2.52894,1.44291,0.0006239,0.0006239,0.0006239
141,1442.42,2.16837,2.4379,1.95506,1.40815,0.45911,0.19623,0.23669,0.07213,0.56389,0.20513,0.24847,0.08768,2.82823,3.35024,2.52894,1.44291,0.000614,0.000614,0.000614
142,1452.48,2.14808,2.39003,2.00996,1.45596,0.45198,0.23077,0.22677,0.07013,0.52231,0.2525,0.2494,0.08454,2.86933,3.43183,2.53246,1.45819,0.0006041,0.0006041,0.0006041
143,1462.73,2.12057,2.52851,2.01196,1.40775,0.45198,0.23077,0.22677,0.07013,0.52231,0.2525,0.2494,0.08454,2.86933,3.43183,2.53246,1.45819,0.0005942,0.0005942,0.0005942
144,1472.02,2.07939,2.5042,1.9347,1.4068,0.45198,0.23077,0.22677,0.07013,0.52231,0.2525,0.2494,0.08454,2.86933,3.43183,2.53246,1.45819,0.0005843,0.0005843,0.0005843
145,1481.53,2.35897,2.48501,2.42578,1.35523,0.45198,0.23077,0.22677,0.07013,0.52231,0.2525,0.2494,0.08454,2.86933,3.43183,2.53246,1.45819,0.0005744,0.0005744,0.0005744
146,1491.23,2.04667,2.44768,1.86966,1.38211,0.54281,0.23077,0.26055,0.06718,0.54281,0.23077,0.2578,0.07638,2.87313,3.55508,2.59345,1.39368,0.0005645,0.0005645,0.0005645
147,1500.77,2.18364,2.5066,1.95198,1.41041,0.54281,0.23077,0.26055,0.06718,0.54281,0.23077,0.2578,0.07638,2.87313,3.55508,2.59345,1.39368,0.0005546,0.0005546,0.0005546
148,1510.13,2.26908,2.26693,1.99857,1.43977,0.54281,0.23077,0.26055,0.06718,0.54281,0.23077,0.2578,0.07638,2.87313,3.55508,2.59345,1.39368,0.0005447,0.0005447,0.0005447
149,1519.84,2.0301,2.53014,1.85257,1.36517,0.59658,0.2277,0.25902,0.0648,0.46899,0.20513,0.22936,0.07762,2.91863,3.65183,2.55469,1.40595,0.0005348,0.0005348,0.0005348
150,1529.35,1.95892,2.19448,1.80255,1.42228,0.59658,0.2277,0.25902,0.0648,0.46899,0.20513,0.22936,0.07762,2.91863,3.65183,2.55469,1.40595,0.0005249,0.0005249,0.0005249
151,1538.83,2.13728,2.78332,1.96048,1.44916,0.59658,0.2277,0.25902,0.0648,0.46899,0.20513,0.22936,0.07762,2.91863,3.65183,2.55469,1.40595,0.000515,0.000515,0.000515
152,1548.58,1.99942,2.42657,1.87413,1.38248,0.48268,0.23077,0.25871,0.06698,0.34651,0.20513,0.23172,0.07416,2.95926,3.72533,2.56148,1.40891,0.0005051,0.0005051,0.0005051
153,1558.24,2.14156,2.71072,1.91602,1.46114,0.48268,0.23077,0.25871,0.06698,0.34651,0.20513,0.23172,0.07416,2.95926,3.72533,2.56148,1.40891,0.0004952,0.0004952,0.0004952
154,1567.99,1.98115,2.38779,1.78533,1.49098,0.48268,0.23077,0.25871,0.06698,0.34651,0.20513,0.23172,0.07416,2.95926,3.72533,2.56148,1.40891,0.0004853,0.0004853,0.0004853
155,1577.81,2.28266,2.48827,1.86936,1.36239,0.46632,0.20513,0.2169,0.06344,0.58901,0.2209,0.25082,0.08458,2.92676,3.65078,2.61979,1.38829,0.0004754,0.0004754,0.0004754
156,1587.27,2.20338,2.63565,1.82103,1.3332,0.46632,0.20513,0.2169,0.06344,0.58901,0.2209,0.25082,0.08458,2.92676,3.65078,2.61979,1.38829,0.0004655,0.0004655,0.0004655
157,1596.9,2.29652,2.55146,1.97212,1.48746,0.46632,0.20513,0.2169,0.06344,0.58901,0.2209,0.25082,0.08458,2.92676,3.65078,2.61979,1.38829,0.0004556,0.0004556,0.0004556
158,1606.27,2.14557,2.53382,1.92811,1.38141,0.58691,0.17949,0.2144,0.06361,0.41671,0.20513,0.23122,0.07733,2.89325,3.61188,2.64358,1.36087,0.0004457,0.0004457,0.0004457
159,1615.97,2.02901,2.47672,1.72723,1.37483,0.58691,0.17949,0.2144,0.06361,0.41671,0.20513,0.23122,0.07733,2.89325,3.61188,2.64358,1.36087,0.0004358,0.0004358,0.0004358
160,1625.74,2.02784,2.19264,1.74274,1.40911,0.58691,0.17949,0.2144,0.06361,0.41671,0.20513,0.23122,0.07733,2.89325,3.61188,2.64358,1.36087,0.0004259,0.0004259,0.0004259
161,1635.28,2.07848,2.60563,1.73937,1.44681,0.58691,0.17949,0.2144,0.06361,0.41671,0.20513,0.23122,0.07733,2.89325,3.61188,2.64358,1.36087,0.000416,0.000416,0.000416
162,1644.99,2.26626,2.64763,1.85862,1.44411,0.18756,0.23077,0.18971,0.05323,0.30448,0.17949,0.18964,0.06911,2.86741,3.51479,2.58483,1.34455,0.0004061,0.0004061,0.0004061
163,1654.69,2.04709,2.24035,1.8186,1.34392,0.18756,0.23077,0.18971,0.05323,0.30448,0.17949,0.18964,0.06911,2.86741,3.51479,2.58483,1.34455,0.0003962,0.0003962,0.0003962
164,1664.36,2.01833,2.27496,1.65686,1.38675,0.18756,0.23077,0.18971,0.05323,0.30448,0.17949,0.18964,0.06911,2.86741,3.51479,2.58483,1.34455,0.0003863,0.0003863,0.0003863
165,1674.17,2.06142,2.61988,1.8591,1.44923,0.22672,0.25641,0.18834,0.05543,0.33899,0.28205,0.2075,0.0701,2.87016,3.51032,2.65426,1.34314,0.0003764,0.0003764,0.0003764
166,1683.92,2.17748,2.48912,1.79647,1.37789,0.22672,0.25641,0.18834,0.05543,0.33899,0.28205,0.2075,0.0701,2.87016,3.51032,2.65426,1.34314,0.0003665,0.0003665,0.0003665
167,1693.37,2.17755,2.39046,1.85365,1.42462,0.22672,0.25641,0.18834,0.05543,0.33899,0.28205,0.2075,0.0701,2.87016,3.51032,2.65426,1.34314,0.0003566,0.0003566,0.0003566
168,1703.17,1.99954,2.23752,1.69955,1.43032,0.30627,0.20513,0.201,0.05955,0.34087,0.22559,0.2161,0.07213,2.85104,3.5442,2.65245,1.35373,0.0003467,0.0003467,0.0003467
169,1712.8,2.12677,2.4593,1.94007,1.39839,0.30627,0.20513,0.201,0.05955,0.34087,0.22559,0.2161,0.07213,2.85104,3.5442,2.65245,1.35373,0.0003368,0.0003368,0.0003368
170,1722.22,2.23602,2.49378,1.84268,1.42943,0.30627,0.20513,0.201,0.05955,0.34087,0.22559,0.2161,0.07213,2.85104,3.5442,2.65245,1.35373,0.0003269,0.0003269,0.0003269
171,1731.61,2.1002,2.60309,1.93883,1.41502,0.32661,0.24892,0.21056,0.05788,0.32661,0.24892,0.20633,0.06825,2.80614,3.55703,2.63874,1.35587,0.000317,0.000317,0.000317
172,1741.1,2.08098,2.35994,1.7479,1.38806,0.32661,0.24892,0.21056,0.05788,0.32661,0.24892,0.20633,0.06825,2.80614,3.55703,2.63874,1.35587,0.0003071,0.0003071,0.0003071
173,1751.03,2.11597,2.43644,1.77937,1.46301,0.32661,0.24892,0.21056,0.05788,0.32661,0.24892,0.20633,0.06825,2.80614,3.55703,2.63874,1.35587,0.0002972,0.0002972,0.0002972
174,1760.5,2.07369,2.37651,1.8287,1.36994,0.29453,0.25641,0.21355,0.06552,0.29453,0.25641,0.20882,0.07506,2.78445,3.57019,2.59115,1.38547,0.0002873,0.0002873,0.0002873
175,1770.68,1.9974,2.29735,1.69928,1.31967,0.29453,0.25641,0.21355,0.06552,0.29453,0.25641,0.20882,0.07506,2.78445,3.57019,2.59115,1.38547,0.0002774,0.0002774,0.0002774
176,1780.33,2.17198,2.28418,1.92399,1.28833,0.29453,0.25641,0.21355,0.06552,0.29453,0.25641,0.20882,0.07506,2.78445,3.57019,2.59115,1.38547,0.0002675,0.0002675,0.0002675
177,1790.01,2.03614,2.13607,1.82388,1.41494,0.29453,0.25641,0.21355,0.06552,0.29453,0.25641,0.20882,0.07506,2.78445,3.57019,2.59115,1.38547,0.0002576,0.0002576,0.0002576
178,1799.89,2.03691,2.62099,1.70954,1.3853,0.38661,0.25641,0.21871,0.06723,0.38661,0.25641,0.21423,0.07602,2.74362,3.59849,2.51744,1.38133,0.0002477,0.0002477,0.0002477
179,1809.42,1.98888,2.25726,1.68353,1.33934,0.38661,0.25641,0.21871,0.06723,0.38661,0.25641,0.21423,0.07602,2.74362,3.59849,2.51744,1.38133,0.0002378,0.0002378,0.0002378
180,1819.1,2.04139,2.45331,1.90025,1.36811,0.38661,0.25641,0.21871,0.06723,0.38661,0.25641,0.21423,0.07602,2.74362,3.59849,2.51744,1.38133,0.0002279,0.0002279,0.0002279
181,1828.56,1.94381,2.22965,1.76108,1.39069,0.28687,0.28893,0.22747,0.0719,0.27223,0.25641,0.2251,0.08349,2.74421,3.58477,2.4129,1.36545,0.000218,0.000218,0.000218
182,1838.02,2.17178,2.47193,1.73041,1.41642,0.28687,0.28893,0.22747,0.0719,0.27223,0.25641,0.2251,0.08349,2.74421,3.58477,2.4129,1.36545,0.0002081,0.0002081,0.0002081
183,1847.51,2.17205,2.37934,1.86924,1.37284,0.28687,0.28893,0.22747,0.0719,0.27223,0.25641,0.2251,0.08349,2.74421,3.58477,2.4129,1.36545,0.0001982,0.0001982,0.0001982
184,1857.11,2.01291,2.48005,1.78181,1.38376,0.30435,0.30769,0.2735,0.08575,0.27357,0.35897,0.2782,0.1023,2.76686,3.55167,2.35274,1.38078,0.0001883,0.0001883,0.0001883
185,1866.64,2.24239,2.38436,1.86189,1.36342,0.30435,0.30769,0.2735,0.08575,0.27357,0.35897,0.2782,0.1023,2.76686,3.55167,2.35274,1.38078,0.0001784,0.0001784,0.0001784
186,1875.97,2.29811,2.57221,2.03416,1.24313,0.30435,0.30769,0.2735,0.08575,0.27357,0.35897,0.2782,0.1023,2.76686,3.55167,2.35274,1.38078,0.0001685,0.0001685,0.0001685
187,1885.63,1.88566,2.25804,1.81102,1.40955,0.293,0.33333,0.28672,0.08512,0.25308,0.33333,0.26981,0.10106,2.79683,3.57721,2.33164,1.39344,0.0001586,0.0001586,0.0001586
188,1895.12,2.04153,2.59117,1.73835,1.46718,0.293,0.33333,0.28672,0.08512,0.25308,0.33333,0.26981,0.10106,2.79683,3.57721,2.33164,1.39344,0.0001487,0.0001487,0.0001487
189,1904.51,2.0402,2.37106,1.7901,1.36045,0.293,0.33333,0.28672,0.08512,0.25308,0.33333,0.26981,0.10106,2.79683,3.57721,2.33164,1.39344,0.0001388,0.0001388,0.0001388
190,1914.2,2.24251,2.43982,1.76448,1.33655,0.27795,0.33333,0.28519,0.08712,0.27795,0.33333,0.28492,0.10607,2.75806,3.5169,2.27943,1.37946,0.0001289,0.0001289,0.0001289
191,1923.87,1.96662,1.91028,21.0856,1.06941,0.27795,0.33333,0.28519,0.08712,0.27795,0.33333,0.28492,0.10607,2.75806,3.5169,2.27943,1.37946,0.000119,0.000119,0.000119
192,1932.99,2.55764,2.70906,2.51886,1.3095,0.27795,0.33333,0.28519,0.08712,0.27795,0.33333,0.28492,0.10607,2.75806,3.5169,2.27943,1.37946,0.0001091,0.0001091,0.0001091
193,1942.21,2.46637,2.7534,2.32519,1.24661,0.27795,0.33333,0.28519,0.08712,0.27795,0.33333,0.28492,0.10607,2.75806,3.5169,2.27943,1.37946,9.92e-05,9.92e-05,9.92e-05
194,1951.2,1.42934,1.37491,40.86,0.8144,0.30874,0.30769,0.25948,0.08329,0.30874,0.30769,0.26106,0.09467,2.7056,3.48208,2.33633,1.34508,8.93e-05,8.93e-05,8.93e-05
195,1960.19,2.37542,2.78192,2.26428,1.25097,0.30874,0.30769,0.25948,0.08329,0.30874,0.30769,0.26106,0.09467,2.7056,3.48208,2.33633,1.34508,7.94e-05,7.94e-05,7.94e-05
196,1969.07,2.47328,2.02945,2.36498,1.3472,0.30874,0.30769,0.25948,0.08329,0.30874,0.30769,0.26106,0.09467,2.7056,3.48208,2.33633,1.34508,6.95e-05,6.95e-05,6.95e-05
197,1978.2,2.38222,2.45791,2.2191,1.3102,0.22396,0.30769,0.22098,0.07396,0.22541,0.28205,0.21212,0.08015,2.69647,3.43215,2.39397,1.34392,5.96e-05,5.96e-05,5.96e-05
198,1987.57,2.41207,2.41508,2.28877,1.37737,0.22396,0.30769,0.22098,0.07396,0.22541,0.28205,0.21212,0.08015,2.69647,3.43215,2.39397,1.34392,4.97e-05,4.97e-05,4.97e-05
199,1997.6,2.47402,2.20587,2.27462,1.21442,0.22396,0.30769,0.22098,0.07396,0.22541,0.28205,0.21212,0.08015,2.69647,3.43215,2.39397,1.34392,3.98e-05,3.98e-05,3.98e-05
200,2007.13,2.44222,2.71747,2.39754,1.30122,0.19695,0.41026,0.16636,0.05118,0.18372,0.38462,0.16138,0.05994,2.68941,3.36968,2.55189,1.31573,2.99e-05,2.99e-05,2.99e-05
