bbox,filename,cut_number,b0_Model,b1_Model,b2_Model,v,x0,t0,X_Data,t_data
0,['UG3DQUERUNTERZUG.SGY'],"[1, 10, 11, 12, 13, 14, 15, 16, 17, 18, 19, 2, 20, 21, 22, 23, 24, 25, 26, 27, 28, 29, 3, 30, 31, 32, 33, 34, 35, 36, 37, 38, 39, 4, 40, 41, 42, 43, 44, 45, 47, 48, 49, 5, 50, 51, 52, 54, 55, 56, 57, 58, 59, 6, 60, 7, 8, 9]",631003.5375348799,-2157.2584149573913,1.8450490965839053,1.4724007570504205,584.6073199221471,20.71249287290321,[     575.47      575.47      572.13 ...      595.46      594.35      594.35],[     11.141      15.584      18.917 ...      15.584      14.473      11.141]
1,['UG3DQUERUNTERZUG.SGY'],"[1, 10, 11, 12, 13, 14, 15, 16, 17, 18, 19, 2, 20, 25, 26, 27, 28, 29, 31, 32, 33, 36, 37, 38, 39, 4, 40, 43, 44, 45, 46, 47, 48, 49, 5, 50, 51, 52, 53, 54, 55, 56, 57, 6, 60, 7, 8, 9]",39884.96863340063,-543.3771566434335,1.8754431480016402,1.4604209148471643,144.86633658354924,22.944271623671842,[     133.31      133.31       132.2 ...      155.53       152.2       152.2],[     6.6969      11.141      12.252 ...      17.806      14.473      11.141]
2,['UG3DQUERUNTERZUG.SGY'],"[1, 10, 11, 14, 16, 17, 18, 19, 2, 20, 21, 22, 23, 24, 25, 26, 27, 28, 29, 3, 30, 31, 32, 34, 35, 36, 37, 38, 39, 4, 41, 42, 43, 44, 45, 46, 47, 48, 49, 5, 50, 52, 53, 54, 55, 56, 59, 6, 60, 7, 8, 9]",484241.7053952222,-1826.008357834268,1.7227842778386517,1.5237529021921226,529.9585041851897,19.681880536945712,[     522.14      522.14      518.81 ...      541.03       538.8       538.8],[     11.141      14.473      17.806 ...      13.363      11.141      6.6969]
3,['UG3DQUERUNTERZUG.SGY'],"[1, 11, 12, 13, 14, 15, 18, 19, 2, 20, 21, 24, 25, 26, 27, 28, 3, 30, 31, 34, 35, 36, 37, 38, 39, 4, 42, 43, 44, 45, 47, 48, 49, 5, 50, 51, 53, 54, 55, 56, 59, 6, 60, 7, 8]",329724.8426997946,-1363.3370209066102,1.4112806902142907,1.6835394438622822,483.0141269415368,21.66384683415188,[     469.93      469.93      466.59 ...      493.26      489.92      489.92],[     11.141      15.584      18.917 ...      18.917      15.584      11.141]
4,['UG3DQUERUNTERZUG.SGY'],"[1, 10, 11, 12, 13, 16, 17, 18, 19, 20, 21, 22, 23, 24, 25, 26, 27, 28, 29, 3, 30, 31, 33, 34, 35, 36, 37, 4, 40, 41, 42, 43, 44, 45, 46, 47, 5, 52, 53, 54, 56, 57, 58, 59, 6, 60, 7, 8, 9]",663999.9683030907,-2350.008621118477,2.095133435618299,1.3817330694466095,560.8255257558241,70.90527532099509,[     543.25      543.25      534.36 ...      601.02      595.46      595.46],[     60.022      63.355      72.242 ...      60.022      60.022      66.688]
5,['UG3DQUERUNTERZUG.SGY'],"[1, 10, 11, 12, 13, 14, 15, 16, 17, 18, 2, 20, 21, 22, 23, 24, 25, 26, 27, 28, 29, 3, 31, 32, 33, 34, 35, 36, 37, 38, 39, 4, 40, 41, 42, 43, 44, 45, 46, 48, 49, 5, 50, 51, 53, 54, 55, 56, 57, 58, 59, 6, 60, 7, 8, 9]",258799.4156567994,-1218.8962349153244,1.437941399016023,1.6678592655231819,423.83376532222024,22.242420420890618,[     415.49      415.49      413.27 ...      433.27      432.15      432.15],[     6.6969       10.03      12.252 ...      15.584      14.473      11.141]
6,['UG3DQUERUNTERZUG.SGY'],"[1, 10, 11, 12, 13, 18, 19, 2, 21, 23, 24, 25, 27, 28, 29, 3, 30, 33, 34, 35, 36, 37, 4, 40, 41, 42, 43, 47, 51, 52, 53, 56, 57, 58, 59, 6, 8, 9]",1011316.940700883,-3333.049015748547,2.7578976342798387,1.2043172985651778,604.2735187701946,65.42409503332085,[     596.57      596.57      595.46 ...      621.01      617.68      617.68],[     55.578      60.022      61.133 ...      63.355      60.022      55.578]
7,['UG3DQUERUNTERZUG.SGY'],"[1, 11, 12, 13, 14, 15, 16, 17, 18, 19, 2, 20, 21, 24, 25, 26, 27, 28, 29, 3, 30, 31, 32, 33, 34, 36, 37, 38, 39, 42, 43, 44, 45, 46, 47, 49, 50, 52, 53, 54, 55, 56, 59, 6, 60, 7, 8, 9]",14844.846368297007,-326.8796664126168,1.8691672401603068,1.4628706117710104,87.43991960413943,23.530416329156647,[     78.877      78.877      77.766 ...       101.1      97.762      97.762],[     11.141      14.473      15.584 ...       22.25      18.917      15.584]
8,['UG3DQUERUNTERZUG.SGY'],"[1, 10, 11, 12, 13, 14, 15, 16, 17, 18, 19, 2, 21, 22, 23, 24, 25, 26, 27, 28, 3, 30, 31, 32, 33, 34, 35, 36, 37, 38, 39, 4, 40, 41, 44, 45, 46, 47, 48, 49, 5, 50, 51, 52, 53, 56, 57, 58, 59, 6, 60, 7, 8, 9]",882329.159931602,-2514.0961903229268,1.7917825866069697,1.4941264014403142,701.5628483932793,20.758557820322572,[     693.22      693.22      692.11 ...      708.78      709.89      709.89],[     11.141      15.584      16.695 ...      28.916      28.916      11.141]
9,['UG3DQUERUNTERZUG.SGY'],"[1, 10, 11, 12, 13, 14, 15, 16, 17, 18, 19, 2, 20, 21, 22, 23, 24, 25, 26, 27, 28, 29, 3, 30, 31, 33, 34, 35, 36, 37, 38, 4, 40, 41, 42, 43, 45, 47, 48, 49, 5, 50, 51, 58, 59, 6, 7, 8, 9]",1111541.2846781248,-3311.463898444034,2.4758223116464175,1.2710723147992375,668.7604120188084,65.21736060056291,[     668.78      668.78      666.56 ...      684.34      683.23      683.23],[     46.691      50.023      52.245 ...      56.689      55.578      51.134]
10,['UG3DQUERUNTERZUG.SGY'],"[10, 11, 12, 13, 14, 15, 8, 9]",101658.32182693803,-676.928102694976,1.1320750598630618,1.8797166325584174,298.97668745430127,21.574543626772936,"[     286.62      286.62      283.29      283.29      281.07      277.73      277.73      281.07       284.4      285.51      292.18      293.29       294.4      296.62      297.73      298.84      299.95      301.06      312.17       314.4       314.4      313.28      313.28      312.17      312.17      307.73
      307.73      286.62      286.62       284.4       284.4      282.18      282.18      281.07      277.73      277.73      281.07       284.4      285.51      286.62      286.62      288.84      289.95       294.4      297.73      298.84      299.95      301.06      309.95      311.06      313.28       314.4
       314.4      313.28      313.28      311.06      311.06      307.73      307.73      287.73      287.73      283.29      283.29      281.07      277.73      277.73      281.07      291.07      292.18       294.4      295.51      296.62      299.95      301.06      302.17      303.29       304.4      311.06
      311.06      313.28       314.4      315.51      315.51       314.4       314.4      313.28      313.28      308.84      308.84      291.07      291.07      286.62      286.62       284.4       284.4      283.29      283.29      282.18      282.18      281.07      277.73      277.73      282.18      282.18
      283.29      283.29       284.4       284.4      285.51      285.51      295.51      296.62      298.84      303.29      307.73      308.84      311.06      311.06      312.17      313.28       314.4      315.51      316.62      317.73      317.73      316.62      316.62      315.51      315.51      313.28
      313.28      311.06      311.06      288.84      288.84      285.51      282.18      282.18      285.51      287.73      288.84      295.51      296.62      297.73      298.84      299.95      301.06      302.17      303.29       304.4      313.28       314.4      315.51      321.06      321.06      317.73
      316.62      316.62      315.51      315.51       314.4       314.4      311.06      311.06      289.95      289.95      286.62      282.18      282.18      285.51      288.84      289.95      295.51      296.62      297.73      298.84      299.95      301.06       304.4       314.4      315.51      316.62
      321.06      321.06      317.73      315.51      315.51      311.06      311.06      287.73      287.73      283.29      283.29      281.07      277.73      277.73      281.07      282.18      282.18       284.4      285.51      285.51      288.84      289.95       294.4      301.06      308.84      308.84
      311.06      311.06      312.17      312.17      313.28      313.28      315.51      316.62      317.73      321.06      321.06      317.73      311.06      311.06      306.62      306.62      287.73      287.73      283.29      283.29      281.07      277.73      277.73      282.18      282.18       284.4
      285.51      286.62      286.62      287.73      288.84       294.4      299.95      301.06      302.17      308.84      308.84      311.06      311.06      312.17      312.17      313.28       314.4      321.06      321.06      317.73      315.51      315.51       314.4       314.4      312.17      312.17
      307.73      307.73]","[     11.141      15.584      18.917      20.028       22.25       22.25      33.359      33.359      30.027      30.027      23.361      23.361       22.25       22.25      21.139      21.139       22.25       22.25      33.359      33.359      23.361       22.25      21.139      20.028      18.917      14.473
      11.141      11.141      14.473      16.695      17.806      20.028      21.139       22.25       22.25       34.47       34.47      31.138      31.138      30.027      28.916      26.694      26.694       22.25       22.25      21.139       22.25       22.25      31.138      31.138      33.359      32.248
      23.361       22.25      21.139      18.917      17.806      14.473      11.141      11.141      14.473      18.917      20.028       22.25       22.25       34.47       34.47      24.472      24.472       22.25       22.25      21.139      21.139       22.25       22.25      23.361      23.361      30.027
      31.138      33.359      33.359      32.248      24.472      23.361       22.25      21.139      20.028      15.584      11.141      11.141      14.473      18.917      20.028       22.25      24.472      25.583      26.694      27.805      28.916      30.027      30.027       45.58       45.58      41.136
      40.025      38.914      37.803      36.692      35.581       34.47      24.472      24.472       22.25       22.25      26.694      26.694      28.916      30.027      31.138      31.138      32.248      32.248      33.359      33.359      25.583      24.472       22.25      21.139      20.028      17.806
      16.695      14.473      11.141      11.141      15.584      18.917      18.917      32.248      32.248      30.027      30.027      23.361      23.361       22.25       22.25      21.139       22.25       22.25      23.361      23.361      32.248      32.248      31.138      31.138      24.472      24.472
      23.361       22.25      21.139      20.028      18.917      17.806      14.473      11.141      11.141      14.473      17.806      17.806      32.248      32.248      28.916      28.916      23.361      23.361       22.25       22.25      21.139       22.25       22.25      32.248      32.248      33.359
      33.359      24.472      24.472       22.25      20.028      15.584      11.141      11.141      14.473      18.917      20.028       22.25       22.25       34.47       34.47      33.359      32.248      30.027      30.027      28.916      25.583      25.583      21.139      21.139      28.916      30.027
      32.248       34.47      35.581      41.136      41.136      37.803      35.581      35.581       34.47       34.47      26.694      26.694      20.028      18.917      14.473      11.141      11.141      14.473      18.917      20.028       22.25       22.25      33.359      33.359      32.248      30.027
      30.027      28.916      27.805      26.694      26.694      21.139      21.139       22.25       22.25      28.916      30.027      32.248      33.359       34.47      35.581      36.692      35.581      35.581      28.916      28.916      26.694      25.583      24.472      23.361      21.139      20.028
      15.584      11.141]"
11,['UG3DQUERUNTERZUG.SGY'],"[10, 12, 13, 14, 15, 16, 17, 22, 8, 9]",118083.62623699721,-884.267009360037,1.660447209838318,1.5520919959705284,266.2737496623396,18.8435690488062,"[     253.29      253.29      248.85      248.85      247.74      247.74      246.63      246.63       243.3       243.3      241.07      237.74      237.74      241.07      241.07      242.18      242.18       243.3       243.3      253.29      253.29      258.85      259.96      261.07      263.29       264.4
      265.51      267.74      281.07      281.07       284.4       284.4      285.51      285.51      286.62      289.95      289.95      285.51      283.29      283.29      282.18      282.18      281.07      281.07      279.96      279.96      278.85      278.85      276.62      276.62      275.51      275.51
       254.4       254.4      249.96      249.96      247.74      247.74      245.52      242.18      242.18      245.52      248.85      249.96      249.96      251.07      251.07       254.4       254.4      255.52      256.63      261.07      262.18      263.29      265.51      266.62      268.85      273.29
       274.4      276.62      276.62      277.73      278.85      279.96      282.18      282.18      281.07      281.07      279.96      279.96      278.85      278.85      276.62      276.62      258.85      258.85       254.4      251.07      251.07      255.52      255.52      258.85      259.96       264.4
      266.62      267.74      268.85      269.96      272.18      282.18       284.4      286.62      289.95      289.95      286.62      285.51      285.51       284.4       284.4      283.29      283.29      282.18      282.18      279.96      279.96      277.73      277.73      258.85      258.85      256.63
      256.63      255.52      251.07      251.07       254.4      255.52      255.52      263.29      265.51      266.62      271.07      272.18      273.29      281.07      281.07      282.18      283.29      286.62      286.62      289.95      289.95      286.62       284.4       284.4      283.29      283.29
      282.18      282.18      279.96      279.96      278.85      278.85      257.74      257.74      255.52      255.52       254.4      253.29      251.07      246.63      246.63      249.96      251.07      251.07      255.52      255.52      263.29      265.51      266.62      268.85      269.96      271.07
      281.07      282.18      283.29       284.4      286.62      289.95      289.95      286.62       284.4       284.4      283.29      283.29      282.18      282.18      281.07      281.07      279.96      279.96      277.73      277.73      257.74      257.74      253.29      252.18      249.96      246.63
      246.63      249.96      251.07      251.07      253.29       254.4       254.4      258.85      259.96       264.4      266.62      267.74      268.85      271.07      275.51      276.62      281.07      281.07      282.18      283.29      286.62      289.95      289.95      286.62      283.29      283.29
      282.18      282.18      281.07      281.07      279.96      279.96      277.73      277.73      257.74      257.74      256.63      256.63      253.29      252.18      249.96      249.96      247.74      247.74      246.63      242.18      242.18      246.63      248.85      248.85      249.96      249.96
      263.29       264.4      265.51      266.62      267.74      268.85      269.96      271.07      273.29      275.51      282.18      285.51      285.51      279.96      277.73      277.73      276.62      276.62      275.51      275.51      256.63      256.63      253.29      252.18      249.96      246.63
      246.63      249.96      252.18      253.29      257.74      258.85      263.29      267.74      268.85      269.96      277.73      278.85      281.07      285.51      285.51      282.18      279.96      279.96      277.73      277.73      276.62      276.62      252.18      252.18      247.74      247.74
      245.52      242.18      242.18      245.52      248.85      249.96      251.07      251.07      258.85      261.07      262.18       264.4      265.51      266.62      278.85      279.96      281.07      281.07      285.51      285.51      282.18      279.96      279.96      278.85      278.85      276.62
      276.62       274.4       274.4      273.29      273.29       254.4       254.4      248.85      248.85      247.74      247.74      246.63      246.63      242.18      237.74      237.74      241.07      242.18      242.18      244.41      245.52      246.63      246.63      248.85      249.96      252.18
      252.18      257.74      258.85      259.96      261.07      262.18      265.51      266.62      267.74      277.73      278.85      281.07      281.07      282.18      282.18      281.07      281.07      279.96      279.96      278.85      278.85      276.62      276.62       274.4       274.4]","[     11.141      15.584      20.028      21.139       22.25      23.361      24.472      25.583      28.916      30.027      32.248      32.248      50.023      50.023      44.469      43.358      42.247      41.136      40.025      30.027      28.916      23.361      23.361       22.25       22.25      21.139
       22.25       22.25      35.581      36.692      40.025      41.136      42.247      43.358      44.469      44.469      35.581      35.581      33.359      32.248      31.138      27.805      26.694      25.583      24.472       22.25      21.139      20.028      17.806      16.695      15.584      11.141
      11.141      14.473      18.917      20.028       22.25      23.361      25.583      25.583      38.914      38.914      35.581      35.581       34.47      33.359      32.248      28.916      27.805      26.694      26.694       22.25       22.25      21.139      21.139       22.25       22.25      26.694
      26.694      28.916      30.027      30.027      31.138      31.138      33.359      27.805      26.694      24.472      23.361      20.028      18.917      17.806      15.584      11.141      11.141      14.473      18.917      18.917      31.138      31.138      30.027      26.694      26.694       22.25
       22.25      21.139      21.139       22.25       22.25      32.248      32.248       34.47       34.47      31.138      31.138      30.027      28.916      27.805      24.472      23.361       22.25      21.139      20.028      17.806      16.695      14.473      11.141      11.141      14.473      16.695
      17.806      18.917      18.917      32.248      32.248      31.138      30.027       22.25       22.25      21.139      21.139       22.25       22.25      30.027      31.138      32.248      32.248      35.581      36.692      36.692      31.138      31.138      28.916      25.583      24.472      21.139
      20.028      18.917      16.695      15.584      14.473      11.141      11.141      15.584      17.806      18.917      20.028      20.028       22.25       22.25      37.803      37.803      36.692      35.581      31.138      30.027       22.25       22.25      21.139      21.139       22.25       22.25
      32.248      32.248      33.359      33.359      35.581      35.581      32.248      32.248      30.027      28.916      27.805      25.583      24.472      21.139      20.028      18.917      17.806      16.695      14.473      11.141      11.141      15.584      20.028      20.028       22.25       22.25
      36.692      36.692      35.581       34.47      32.248      32.248      31.138      26.694      26.694       22.25       22.25      21.139       22.25       22.25      26.694      26.694      31.138      32.248      33.359      33.359      36.692      36.692      30.027      30.027      26.694      23.361
       22.25      21.139      20.028      18.917      17.806      16.695      14.473      11.141      11.141      14.473      15.584      16.695      20.028      20.028       22.25      23.361      25.583      26.694      27.805      27.805      42.247      42.247      40.025      38.914      37.803      36.692
      23.361      23.361       22.25       22.25      21.139      21.139       22.25       22.25      24.472      24.472      31.138      31.138       22.25       22.25      20.028      18.917      17.806      15.584      14.473      11.141      11.141      15.584      18.917      18.917      21.139      21.139
      32.248      32.248      30.027      30.027      25.583      25.583      21.139      21.139       22.25       22.25      30.027      30.027      32.248      32.248      23.361      23.361      21.139      20.028      17.806      16.695      15.584      11.141      11.141      15.584      20.028       22.25
      24.472      24.472      35.581      35.581      32.248      32.248      31.138      30.027       22.25       22.25      21.139      21.139       22.25       22.25       34.47       34.47      35.581      36.692      36.692      28.916      28.916      26.694      24.472      23.361       22.25      20.028
      18.917      16.695      15.584      14.473      11.141      11.141      14.473      20.028      21.139       22.25      23.361      24.472      25.583      30.027      30.027      42.247      42.247      41.136      38.914      36.692      36.692      35.581       34.47      32.248      32.248      30.027
      28.916      23.361      23.361       22.25       22.25      21.139      21.139       22.25       22.25      32.248      32.248       34.47      35.581      35.581      28.916      27.805      26.694      25.583      23.361       22.25      21.139      18.917      17.806      15.584      11.141]"
12,['UG3DQUERUNTERZUG.SGY'],"[11, 12, 13, 14, 15, 16, 17, 18, 19, 20, 21, 22, 24, 25, 27, 28, 29, 3, 30, 31, 32, 33, 34, 35, 36, 37, 38, 39, 40, 41, 42, 43, 44, 45, 46, 47, 48, 49, 5, 50, 51, 54, 55, 56, 57, 58, 59, 60, 8, 9]",683975.3230537039,-2149.014186521214,1.689214703730304,1.5388191033476613,636.0985911901938,21.9744125464484,[     624.35      624.35      621.01 ...      653.23      648.79      648.79],[     11.141      15.584      18.917 ...      20.028      15.584      11.141]
13,['UG3DQUERUNTERZUG.SGY'],"[11, 13, 14, 15, 16, 17, 19, 2, 20, 21, 24, 25, 26, 27, 28, 29, 3, 30, 31, 32, 33, 35, 36, 37, 38, 39, 41, 42, 43, 44, 45, 46, 49, 50, 56, 57, 58, 59, 7, 8, 9]",10686.487399618856,-252.46522731565946,3.0009442676237987,1.1545188568781874,42.064297901067974,73.3253103224629,[     29.995      29.995      8.8875 ...      63.323      56.658      56.658],[     60.022      64.466      85.573 ...       70.02      63.355      60.022]
14,['UG3DQUERUNTERZUG.SGY'],"[11, 13, 14, 15, 18, 19, 2, 20, 25, 28, 31, 6, 7, 8]",49811.94978520767,-767.7970628258448,3.485235398471667,1.0713069872695369,110.1499576129831,86.7498865842936,"[     93.319      93.319      87.764      87.764      84.431      84.431      81.098      77.766      77.766      81.098       83.32       83.32      85.542      86.653      86.653      92.208      92.208      98.873      99.984       101.1      105.54      106.65      114.43      115.54      116.65      117.76
      118.87      119.98      121.09      125.54      126.65      139.98       142.2      143.31      147.75      147.75      144.42       142.2       142.2      141.09      141.09      138.87      138.87      136.65      136.65      131.09      131.09      129.98      125.54      125.54      93.319      93.319
      84.431      84.431      82.209      77.766      77.766      81.098      95.541      96.652      98.873      99.984       101.1      102.21      103.32      115.54      116.65      118.87      119.98      121.09       122.2      123.31      135.53      135.53      136.65      136.65      137.76      137.76
      138.87      138.87      139.98       142.2      144.42      145.53      146.64      147.75      144.42      144.42      143.31      143.31       142.2       142.2      141.09      141.09      139.98      139.98      137.76      137.76      136.65      136.65      133.31      133.31      128.87      128.87
      95.541      95.541      91.097      89.986      88.875      88.875      85.542      82.209      82.209      85.542      87.764      88.875      98.873      99.984       101.1      103.32      104.43      107.76      108.87      113.32      114.43      116.65      117.76      119.98      121.09       122.2
      123.31      124.43      126.65      127.76      134.42      134.42      137.76      137.76      138.87      138.87       142.2      143.31      144.42      146.64      146.64      145.53      145.53      144.42      144.42      143.31      143.31       142.2       142.2      141.09      141.09      139.98
      139.98      137.76      137.76      133.31      133.31      131.09      129.98      127.76      127.76       94.43       94.43      91.097      89.986      87.764      87.764       83.32       83.32      81.098      77.766      77.766      82.209       83.32      84.431      86.653      87.764      95.541
      96.652      97.762      98.873      99.984       101.1      102.21      109.98      111.09      113.32      114.43      116.65      117.76      119.98      121.09       122.2      125.54      126.65      129.98      131.09      138.87      138.87      143.31      144.42      145.53      146.64      147.75
       152.2       152.2      147.75      146.64      146.64      145.53      145.53      144.42      144.42      143.31      143.31      141.09      141.09      139.98      139.98      133.31      133.31       132.2      131.09      127.76      127.76      93.319      93.319      92.208      92.208      86.653
      86.653      85.542      85.542      84.431      84.431      81.098      77.766      77.766      81.098      82.209      82.209       83.32       83.32      85.542      85.542      87.764      87.764      98.873       101.1      102.21      108.87      109.98      116.65      117.76      119.98      121.09
       122.2      123.31      124.43      127.76      128.87      138.87      138.87      139.98      139.98      143.31      143.31      144.42      145.53      146.64      146.64      147.75      148.87      148.87      147.75      147.75      145.53      145.53      144.42      144.42      143.31      143.31
       142.2       142.2      141.09      141.09      139.98      139.98      137.76      137.76      134.42      134.42      129.98      129.98      93.319      93.319      81.098      77.766      77.766      81.098      82.209      82.209      85.542      86.653      97.762      98.873      99.984       101.1
      102.21      109.98      111.09      113.32      114.43      116.65      117.76      119.98      121.09       122.2      124.43      125.54      131.09       132.2      134.42      135.53      138.87      138.87      143.31      144.42      145.53      145.53      144.42      144.42      143.31      143.31
       142.2       142.2      141.09      141.09      139.98      139.98      137.76      137.76      135.53      135.53      127.76      127.76      93.319      93.319      85.542      85.542      84.431      84.431       83.32       83.32      82.209      82.209      81.098      77.766      81.098       83.32
      84.431      85.542      92.208      92.208       94.43      95.541      96.652      97.762      98.873       101.1      102.21       112.2      113.32      115.54      116.65      118.87      119.98      121.09      125.54      126.65      129.98      131.09      137.76      137.76      144.42      145.53
      146.64      148.87      148.87      146.64      146.64      145.53      145.53      144.42      144.42       142.2       142.2      141.09      141.09      139.98      139.98      135.53      135.53      131.09      129.98      127.76      127.76       94.43       94.43       83.32       83.32      81.098
      77.766      77.766      81.098      82.209       83.32      84.431      85.542      88.875      89.986      97.762      98.873      99.984      103.32      104.43      114.43      115.54      118.87      119.98      121.09       122.2      123.31      126.65      127.76      137.76      137.76      138.87
      138.87      143.31      147.75      148.87       152.2       152.2      148.87      145.53      145.53      144.42      144.42      143.31      143.31       142.2       142.2      141.09      141.09      138.87      138.87      136.65      136.65      128.87      128.87      97.762      97.762      89.986
      89.986      87.764      87.764      85.542      82.209      82.209      85.542      87.764      87.764      88.875      89.986      89.986      91.097      91.097      92.208      92.208       101.1      102.21      103.32      104.43      105.54      107.76      108.87      121.09       122.2      123.31
      124.43      125.54      126.65      127.76      131.09       132.2      134.42      135.53      136.65      137.76      139.98      141.09      141.09       142.2       142.2      141.09      141.09      137.76      137.76      128.87      128.87      98.873      98.873      95.541       94.43      92.208
      92.208      85.542      85.542      84.431      84.431       83.32       83.32      81.098      77.766      77.766      81.098      81.098      84.431      85.542      86.653      86.653      87.764      88.875      91.097      91.097      93.319       94.43      99.984       101.1      102.21      103.32
      104.43      105.54      106.65      118.87      119.98      121.09       122.2      123.31      125.54      126.65      131.09       132.2      134.42      135.53      139.98      141.09       142.2       142.2      143.31      143.31      144.42      144.42      145.53      145.53      146.64      146.64
      147.75      147.75      149.98      149.98      151.09      151.09      159.98      159.98      158.86      158.86      157.75      157.75      155.53      154.42      151.09      149.98      147.75      146.64      144.42      144.42      143.31      143.31       142.2       142.2      139.98      139.98
      137.76      137.76      129.98      129.98      98.873      98.873      97.762      96.652      95.541       94.43      88.875      88.875      86.653      86.653      84.431      84.431      81.098      77.766      77.766      81.098      82.209       83.32      91.097      91.097      98.873      99.984
       101.1      102.21      103.32      105.54      106.65      118.87      119.98      121.09       122.2      123.31      125.54      126.65      138.87      138.87      139.98      143.31      143.31      144.42      144.42      145.53      145.53      146.64      146.64      147.75      147.75      149.98
      149.98      161.09      161.09      157.75      155.53      155.53       152.2      151.09      147.75      146.64      145.53      145.53      144.42      144.42      143.31      143.31       142.2       142.2      141.09      141.09      139.98      139.98      137.76      137.76      134.42      134.42
      133.31       132.2      128.87      128.87      92.208      92.208      87.764      87.764      85.542      85.542       83.32       83.32      81.098      77.766      77.766      81.098      91.097      91.097       94.43      95.541      99.984      102.21      103.32      113.32      114.43      116.65
      118.87      119.98      128.87      128.87      129.98      129.98      131.09      131.09      134.42      134.42      139.98      141.09      144.42      145.53      147.75       152.2       152.2      147.75      143.31      143.31       142.2       142.2      141.09      141.09      139.98      139.98
      138.87      138.87      137.76      137.76      136.65      136.65      135.53      135.53      134.42      134.42      124.43      124.43      146.64      146.64      147.75      147.75      148.87       152.2       152.2      146.64      144.42      144.42      143.31      143.31       142.2       142.2
      141.09      141.09      139.98      139.98      135.53      135.53      126.65      126.65      88.875      88.875       83.32       83.32      82.209      77.766      77.766      81.098      92.208      93.319      95.541      96.652      97.762      98.873      99.984       112.2      113.32      114.43
      115.54      117.76      118.87      119.98      121.09       122.2      134.42      134.42      138.87       142.2      144.42      92.208      92.208      89.986      89.986      87.764      87.764      82.209      77.766      77.766      82.209      84.431      85.542      85.542      89.986      91.097
      91.097      93.319       94.43      96.652      97.762      98.873       101.1      102.21      111.09       112.2      114.43      115.54      116.65      117.76      118.87      121.09       122.2      125.54      126.65      129.98      129.98      131.09       132.2      136.65      136.65      144.42
      145.53      146.64      146.64       152.2       152.2      148.87      146.64      146.64      144.42      144.42      141.09      141.09      138.87      138.87      136.65      136.65      134.42      134.42      131.09      131.09      129.98      128.87      127.76      127.76]","[     77.797      82.241      87.795      88.906      92.239       93.35      96.683      96.683      111.12      111.12       108.9      107.79      105.57      105.57      104.46      98.905      97.794      91.128      91.128      90.017      90.017      88.906      88.906      90.017      90.017      91.128
      91.128      92.239      92.239      96.683      96.683      110.01      110.01      111.12      111.12      106.68      106.68      104.46      102.24      101.13      98.905      96.683      95.572       93.35      92.239      86.684      85.573      85.573       81.13      77.797      77.797      82.241
      91.128      92.239      94.461      94.461      107.79      107.79       93.35       93.35      91.128      91.128      90.017      90.017      88.906      88.906      90.017      90.017      91.128      91.128      92.239      92.239      104.46      105.57      106.68      107.79       108.9      110.01
      111.12      112.24      113.35      113.35      115.57      114.46      114.46      113.35      110.01       108.9      107.79      106.68      105.57      103.35      102.24      98.905      97.794      95.572       93.35      92.239      91.128      90.017      86.684      85.573       81.13      77.797
      77.797       81.13      85.573      85.573      86.684      87.795      91.128      91.128      104.46      104.46      102.24      102.24      92.239      92.239      91.128      91.128      90.017      90.017      88.906      88.906      90.017      90.017      91.128      91.128      92.239      92.239
       93.35       93.35      95.572      95.572      102.24      103.35      106.68      107.79       108.9      110.01      113.35      113.35      114.46      112.24       108.9      107.79      106.68      105.57      104.46      103.35      102.24      101.13      100.02      98.905      97.794      96.683
      94.461      92.239      91.128      86.684      85.573      83.352      83.352       81.13      77.797      77.797       81.13      84.463      84.463      86.684      87.795      92.239       93.35      95.572      95.572      105.57      105.57      104.46      104.46      102.24      102.24      94.461
      94.461       93.35       93.35      92.239      92.239      91.128      91.128      90.017      90.017      91.128      91.128      92.239      92.239       93.35       93.35      96.683      96.683      100.02      100.02      107.79       108.9      113.35      113.35      114.46      114.46      115.57
      115.57      107.79      107.79      106.68      105.57      104.46      103.35      102.24      101.13      100.02      98.905      96.683      95.572      94.461       93.35      86.684      85.573      84.463      84.463       81.13      77.797      77.797       81.13      82.241      83.352      88.906
      90.017      91.128      92.239       93.35      94.461      97.794      97.794      114.46      114.46      113.35      112.24      111.12      110.01      107.79      106.68      104.46      103.35      92.239      92.239      91.128      91.128      90.017      90.017      91.128      91.128      92.239
      92.239       93.35       93.35      96.683      96.683      106.68      107.79       108.9      110.01      113.35      114.46      115.57      115.57      116.68      117.79       118.9       118.9      110.01       108.9      107.79      105.57      104.46      103.35      102.24      101.13      100.02
      98.905      97.794      96.683      95.572      94.461       93.35      91.128      90.017      86.684      85.573       81.13      77.797      77.797       81.13       93.35       93.35       108.9       108.9      107.79      106.68      103.35      103.35      92.239      92.239      91.128      91.128
      90.017      90.017      88.906      88.906      90.017      90.017      91.128      91.128      92.239      92.239      94.461      94.461      100.02      100.02      102.24      102.24      105.57      106.68      111.12      111.12      110.01      107.79      106.68      105.57      104.46      103.35
      102.24      101.13      100.02      98.905      97.794      95.572       93.35      92.239      90.017      88.906       81.13      77.797      77.797       81.13      88.906      90.017      91.128      92.239       93.35      96.683      97.794      98.905      100.02      100.02      100.02      102.24
      102.24      103.35      96.683      95.572       93.35       93.35      92.239      92.239      91.128      91.128      90.017      90.017      91.128      91.128      92.239      92.239       93.35       93.35      97.794      97.794      101.13      101.13      107.79       108.9      115.57      115.57
      116.68      116.68       108.9      106.68      105.57      104.46      103.35      102.24      101.13      98.905      97.794      96.683      95.572      94.461       93.35      88.906      87.795      83.352      83.352       81.13      77.797      77.797       81.13      92.239       93.35      95.572
      95.572      105.57      105.57      104.46      104.46      103.35      103.35      100.02      100.02      92.239      92.239      91.128      91.128      90.017      90.017      91.128      91.128      92.239      92.239       93.35       93.35      96.683      96.683      106.68      107.79       108.9
      110.01      114.46      114.46      113.35      113.35      110.01      110.01      106.68      104.46      103.35      102.24      101.13      100.02      98.905      97.794      96.683      95.572       93.35      92.239      90.017      88.906       81.13      77.797      77.797      82.241      90.017
      91.128       93.35      94.461      96.683      96.683      113.35      113.35      111.12      110.01       108.9       108.9      107.79      106.68      105.57      104.46      103.35      94.461      94.461       93.35       93.35      92.239      92.239      91.128      91.128      92.239      92.239
       93.35       93.35      94.461      94.461      97.794      97.794      100.02      100.02      101.13      101.13      103.35      102.24      101.13      100.02      97.794      96.683      94.461      91.128      90.017       81.13      77.797      77.797       81.13      84.463      84.463      86.684
      87.795      94.461      95.572      96.683      97.794      98.905      100.02      102.24      102.24      114.46      114.46      113.35      110.01      110.01       108.9      107.79      106.68      106.68      104.46      103.35      101.13      101.13      95.572      95.572      94.461      94.461
       93.35       93.35      92.239      92.239       93.35       93.35      94.461      94.461      96.683      96.683      101.13      101.13      103.35      103.35      107.79      107.79       108.9      111.12      112.24      115.57      116.68       118.9      120.01      121.12      122.23      123.35
      124.46      125.57      127.79       128.9      130.01      134.45      134.45      125.57      124.46      121.12      120.01       118.9      116.68      116.68      113.35      113.35      111.12      111.12       108.9      107.79      106.68      100.02      98.905      95.572       93.35      92.239
      90.017      88.906       81.13      77.797      77.797      82.241      83.352      83.352      84.463      84.463      90.017      91.128       93.35      94.461      96.683      97.794      101.13      101.13      114.46      114.46      113.35      113.35      105.57      104.46      96.683      96.683
      95.572      95.572      94.461      94.461       93.35       93.35      94.461      94.461      95.572      95.572      97.794      97.794      110.01      111.12      111.12      114.46      115.57      116.68      117.79       118.9      122.23      123.35      125.57      126.68      127.79      130.01
      134.45      134.45      121.12      121.12       118.9      117.79      114.46      114.46      111.12      111.12      110.01       108.9      107.79      106.68      105.57      101.13      100.02      97.794      96.683      95.572      94.461       93.35      91.128      90.017      86.684      85.573
      84.463      84.463       81.13      77.797      77.797      82.241      86.684      87.795      90.017      91.128       93.35      94.461      96.683      96.683       108.9       108.9      98.905      97.794      94.461      94.461      90.017      90.017      88.906      88.906      90.017      90.017
      92.239      92.239      101.13      102.24      103.35      104.46      105.57      106.68      110.01      111.12      116.68      116.68      120.01      120.01      117.79      117.79      116.68      116.68      112.24      110.01       108.9      107.79      106.68      104.46      103.35      102.24
      101.13      100.02      98.905      97.794      96.683      95.572      94.461       93.35      92.239      91.128       81.13      77.797      112.24      113.35      114.46      115.57      116.68      116.68      112.24      112.24       108.9      107.79      106.68      103.35      102.24      100.02
      98.905      97.794      96.683      95.572      91.128      90.017       81.13      77.797      77.797      82.241      87.795      88.906      90.017      90.017      104.46      104.46       93.35       93.35      91.128      91.128      90.017      90.017      88.906      88.906      90.017      90.017
      91.128      91.128      92.239      92.239       93.35       93.35      105.57      106.68      111.12      111.12       108.9      77.797       81.13      83.352      84.463      86.684      87.795       93.35       93.35      103.35      103.35      101.13      101.13      100.02      95.572      95.572
      94.461      92.239      92.239      90.017      90.017      88.906      88.906      87.795      87.795      88.906      88.906      90.017      90.017      91.128      91.128       93.35       93.35      96.683      96.683      100.02      101.13      102.24      102.24      106.68      107.79      115.57
      115.57      116.68      121.12      121.12      112.24      112.24      110.01      107.79      105.57      103.35      100.02      98.905      96.683      95.572       93.35      92.239      90.017      88.906      85.573      84.463      83.352      83.352      82.241      77.797]"
15,['UG3DQUERUNTERZUG.SGY'],"[11, 12, 13, 14, 16, 18, 19, 20, 21, 23, 24, 25, 26, 27, 28, 3, 30, 35, 36, 37, 4, 40, 44, 47, 48, 5, 50, 51, 52, 53, 54, 59, 6, 60, 7, 8, 9]",840263.4220462649,-3311.465875193851,3.282117917147601,1.1039589015748088,504.47088721171775,70.67077211323013,[      487.7       487.7      479.92 ...      518.81      516.59      516.59],[     60.022      64.466      72.242 ...      65.577      63.355      60.022]
16,['UG3DQUERUNTERZUG.SGY'],"[15, 56, 57, 58, 60]",581121.7874055987,-2521.632554911216,2.7707262083559594,1.2015260450840082,455.0490314247712,85.956742288425,"[     427.71      427.71      423.27      423.27      419.93      419.93      414.38      411.05      411.05      415.49      419.93      419.93      429.93      431.04      433.27      434.38      435.49      437.71      438.82      441.04      442.15      447.71      448.82      451.04      452.15      455.48
      458.82      459.93      461.04      462.15      465.48      466.59       467.7      468.82      471.04      472.15      474.37      474.37       477.7       477.7      481.04      481.04      482.15      483.26      485.48      485.48      486.59      486.59      489.92      489.92      485.48      484.37
      484.37      482.15      482.15      478.81       477.7      471.04      471.04      468.82      468.82      466.59      466.59      424.38      424.38      428.82      428.82      427.71      427.71      424.38      424.38      427.71      427.71      432.15      433.27       436.6      437.71      438.82
      439.93      441.04      443.26      444.38       446.6      447.71      449.93      451.04      452.15      453.26      459.93      461.04      462.15      463.26      464.37      465.48      466.59      471.04      472.15      474.37      475.48       477.7      478.81      486.59       487.7      488.81
      489.92      491.03      494.37      494.37      491.03      484.37      483.26      475.48      474.37      469.93      469.93      438.82      438.82      433.27      433.27      429.93      429.93      427.71      424.38      424.38      424.38      424.38      427.71      428.82      428.82      427.71
      427.71      424.38      424.38      427.71      427.71      428.82      428.82      431.04      432.15      434.38      435.49      437.71      438.82      441.04      442.15      443.26      445.49       446.6      447.71      448.82      449.93      451.04      453.26      454.37       456.6      457.71
      459.93      461.04      462.15      463.26      464.37      465.48      466.59       467.7      468.82      472.15      473.26      476.59       477.7       487.7      488.81      489.92      489.92      492.15      494.37      494.37      495.48      498.81      498.81      495.48      493.26      493.26
      492.15      492.15      491.03      491.03      489.92      489.92      472.15      472.15      439.93      439.93      437.71      437.71      432.15      432.15      431.04      431.04      429.93      429.93      427.71      424.38      424.38      439.93      439.93      438.82      438.82      435.49
      435.49      432.15      432.15      431.04      431.04      428.82      428.82      427.71      427.71       426.6       426.6      424.38      419.93      419.93      423.27      427.71      427.71      428.82      428.82      432.15      433.27      434.38      435.49      437.71      438.82      441.04
      442.15      444.38       446.6      447.71      448.82      449.93      458.82      459.93      461.04      462.15      463.26      464.37      465.48       467.7      468.82      469.93      471.04       477.7      478.81      485.48      486.59      491.03      492.15      494.37      494.37      498.81
      498.81      495.48      493.26      493.26      492.15      492.15      491.03      491.03      488.81      488.81      485.48      484.37      476.59      476.59      471.04      471.04      437.71      437.71      431.04      431.04      429.93      429.93      428.82      428.82       426.6       426.6
      425.49      425.49      424.38      419.93      419.93      424.38      424.38       426.6       426.6      427.71      427.71      428.82      428.82      434.38      435.49       436.6      437.71      441.04      442.15      443.26      444.38      445.49       446.6      447.71      448.82      449.93
      455.48       456.6      459.93      461.04      462.15      463.26      464.37       467.7      468.82      469.93      471.04      473.26      474.37      475.48      476.59      485.48      489.92      491.03      494.37      494.37      491.03      488.81      488.81      486.59      486.59      484.37
      483.26      478.81      478.81      476.59      475.48      469.93      469.93]","[     77.797      82.241      86.684      87.795      91.128      92.239      97.794      97.794      110.01      110.01      105.57      104.46      94.461      94.461      92.239      92.239      91.128      91.128      90.017      90.017      88.906      88.906      87.795      87.795      88.906      88.906
      92.239      92.239       93.35       93.35      96.683      96.683      97.794      97.794      100.02      100.02      102.24      103.35      106.68      107.79      111.12      112.24      113.35      113.35      115.57      116.68      117.79      121.12      121.12      103.35      103.35      102.24
      101.13      98.905      97.794      94.461      94.461      87.795      86.684      84.463      83.352       81.13      77.797      106.68      114.46      114.46      110.01       108.9      106.68      106.68      102.24      102.24      100.02      95.572      95.572      92.239      92.239      91.128
      91.128      90.017      90.017      88.906      88.906      87.795      87.795      86.684      86.684      85.573      85.573      86.684      86.684      87.795      87.795      88.906      88.906       93.35       93.35      95.572      95.572      97.794      97.794      105.57      105.57      106.68
      106.68      107.79      107.79      95.572      95.572      88.906      88.906       81.13       81.13      76.686      73.353      73.353      76.686      82.241      83.352      86.684      88.906      91.128      91.128      102.24      110.01      114.46      114.46      113.35      112.24      111.12
      110.01      110.01      102.24      102.24      101.13      100.02      98.905      96.683      96.683      94.461      94.461      92.239      92.239      90.017      90.017      88.906      88.906      87.795      87.795      86.684      86.684      85.573      85.573      84.463      84.463      85.573
      85.573      86.684      86.684      87.795      87.795      88.906      88.906      90.017      90.017       93.35       93.35      96.683      96.683      106.68      106.68      107.79       108.9       108.9      111.12      112.24      113.35      113.35      105.57      105.57      103.35      101.13
      100.02      98.905      97.794      96.683      95.572      94.461      76.686      73.353      73.353      76.686      78.908      80.019      85.573      86.684      87.795      88.906      90.017      91.128       93.35       93.35      102.24      73.353      76.686      77.797      78.908      82.241
      83.352      86.684      88.906      90.017      92.239      94.461      95.572      96.683      97.794      98.905      100.02      102.24      102.24      113.35      113.35       108.9      107.79      106.68      100.02      96.683      96.683      95.572      95.572       93.35       93.35      91.128
      91.128      88.906      88.906      87.795      87.795      86.684      86.684      87.795      87.795      88.906      88.906      90.017      90.017      92.239      92.239       93.35       93.35      100.02      100.02      106.68      106.68      111.12      111.12      113.35      121.12      121.12
      106.68      106.68      104.46      103.35      102.24      100.02      98.905      97.794      95.572      94.461      91.128      91.128      83.352      82.241      76.686      73.353      73.353      77.797      84.463      85.573      86.684      88.906      90.017      92.239      94.461      95.572
      96.683      97.794      98.905      98.905      107.79      107.79      106.68      104.46      103.35      102.24      101.13      100.02      98.905       93.35       93.35      92.239      92.239      88.906      88.906      87.795      87.795      86.684      86.684      85.573      85.573      84.463
      84.463      83.352      83.352      84.463      84.463      85.573      85.573      88.906      88.906      90.017      90.017      92.239      92.239       93.35       93.35      102.24      102.24      101.13      101.13      98.905      98.905      96.683      95.572       93.35      92.239      90.017
      90.017      85.573      84.463      82.241      82.241      76.686      73.353]"
17,['UG3DQUERUNTERZUG.SGY'],"[23, 29, 35, 41, 48]",511.9469533198881,-1.8305763685304677,1.6591193075805144,1.5527129923713174,0.551671106522167,22.615083799855526,"[     2.2219      2.2219      6.6656      14.442      14.442      17.775      17.775      18.886      18.886      27.773      27.773      24.441      22.219      22.219      21.108      21.108      18.886      18.886      16.664      16.664      15.553      15.553      13.331      13.331      2.2219      2.2219
      5.5547      6.6656      8.8875      15.553      15.553      17.775      17.775      19.997      19.997      22.219      22.219       23.33       23.33      32.217      32.217      28.884      26.663      26.663      25.552      25.552      24.441      24.441       23.33       23.33      22.219      22.219
      21.108      21.108      18.886      18.886      15.553      15.553      2.2219      2.2219      6.6656      8.8875      9.9984      14.442      14.442      17.775      17.775      19.997      19.997      22.219      22.219       23.33       23.33      32.217      32.217      28.884      26.663      26.663
      25.552      25.552      24.441      24.441       23.33       23.33      22.219      22.219      21.108      21.108      18.886      18.886      16.664      16.664      14.442      14.442      2.2219      2.2219      7.7766      8.8875      9.9984      15.553      15.553      17.775      17.775      19.997
      19.997      22.219      22.219       23.33       23.33      24.441      24.441      32.217      32.217      27.773      26.663      26.663      25.552      25.552      24.441      24.441       23.33       23.33      22.219      22.219      21.108      21.108      18.886      18.886      16.664      16.664
      15.553      15.553      2.2219      2.2219      5.5547      6.6656      7.7766      9.9984      11.109      14.442      14.442      17.775      17.775      19.997      19.997      22.219      22.219      32.217      32.217      28.884      26.663      26.663      25.552      25.552      24.441      24.441
       23.33       23.33      22.219      22.219      19.997      19.997      16.664      16.664      14.442      14.442]","[     15.584      26.694      26.694       34.47      35.581      38.914      40.025      41.136       45.58       45.58      35.581      35.581      33.359      32.248      31.138      30.027      27.805      26.694      24.472      23.361       22.25      21.139      18.917      15.584      15.584      25.583
      25.583      26.694      26.694      33.359       34.47      36.692      37.803      40.025      41.136      43.358      44.469       45.58      50.023      50.023      43.358      43.358      41.136      38.914      37.803      36.692      35.581      33.359      32.248      31.138      30.027      28.916
      27.805      26.694      24.472      23.361      20.028      15.584      15.584      26.694      26.694      28.916      28.916      33.359       34.47      37.803      38.914      41.136      42.247      44.469       45.58      46.691      50.023      50.023       45.58       45.58      43.358      41.136
      40.025      37.803      36.692      35.581       34.47      33.359      32.248      31.138      30.027      28.916      26.694      25.583      23.361       22.25      20.028      15.584      15.584      25.583      25.583      26.694      26.694      32.248      33.359      35.581      36.692      38.914
      40.025      42.247      43.358      44.469       45.58      46.691      50.023      50.023      41.136      41.136      40.025      37.803      36.692      35.581       34.47      33.359      32.248      31.138      30.027      28.916      27.805      26.694      24.472      23.361      21.139      20.028
      18.917      15.584      15.584      26.694      26.694      27.805      27.805      30.027      30.027      33.359       34.47      37.803      38.914      41.136      42.247      44.469      50.023      50.023      41.136      41.136      38.914      37.803      36.692      35.581       34.47      33.359
      32.248      31.138      30.027      28.916      26.694      25.583       22.25      21.139      18.917      15.584]"
18,['UG3DQUERUNTERZUG.SGY'],"[24, 25, 26, 27, 28, 29, 30, 32, 33, 34, 36, 37, 38, 39, 40, 41, 42, 43, 44, 45, 46, 47, 48, 49, 50, 51, 52, 54, 55, 56, 57, 58, 60]",254977.53760550893,-1371.3102605728186,1.8467409844721756,1.4717261340652583,371.27845001088724,20.212956012368085,[     359.94      359.94      356.61 ...      386.61       385.5       385.5],[     11.141      14.473      17.806 ...      15.584      14.473      11.141]
19,['UG3DQUERUNTERZUG.SGY'],"[25, 26, 27, 28, 29, 30, 31, 32, 33, 34, 35, 37, 39, 40, 41, 42, 43, 44, 45, 46, 47, 48, 49, 50, 51, 52, 53, 54, 55, 56, 57, 58, 59, 60]",55713.99824798616,-578.0467282226938,1.512698554754067,1.6261245244099938,191.06474532087856,22.17707808229278,[     184.42      184.42      182.19 ...      201.08      198.86      198.86],[     11.141      14.473      16.695 ...      17.806      15.584      11.141]
20,['UG3DQUERUNTERZUG.SGY'],[26],101582.5010026884,-1092.9813094024378,3.2466323847283975,1.109975613933835,168.32538764530818,97.95024096737816,"[     146.64      146.64      144.42      144.42       142.2       142.2      138.87      137.76      135.53      131.09      131.09      134.42      136.65      136.65      138.87      138.87       142.2       142.2      148.87      149.98       152.2      153.31      154.42      155.53      156.64      157.75
      158.86      164.42      165.53      173.31      174.42      179.97      186.64      187.75       193.3      194.41      196.64      196.64      197.75      198.86      201.08      201.08      202.19       203.3       203.3      202.19      202.19      201.08      201.08      199.97      199.97      197.75
      197.75      194.41      194.41      189.97      189.97]","[     91.128      95.572      97.794      98.905      101.13      102.24      105.57      105.57      107.79      107.79      124.46      124.46      122.23      121.12       118.9      117.79      114.46      113.35      106.68      106.68      104.46      104.46      103.35      103.35      102.24      102.24
      101.13      101.13      100.02      100.02      101.13      101.13      107.79      107.79      113.35      113.35      115.57      116.68      117.79      117.79      120.01      121.12      121.12      120.01      115.57      114.46      112.24      111.12      110.01       108.9      107.79      105.57
      104.46      101.13      100.02      95.572      91.128]"
21,['UG3DQUERUNTERZUG.SGY'],"[41, 49, 51, 52]",144776.64780216533,-864.8961101171637,1.2949957056894972,1.757502014657156,333.937829414139,19.128067375885323,"[     331.06      331.06      339.95      341.06      342.17      348.83      348.83      349.95      353.28      354.39       355.5       355.5      354.39      354.39      353.28      353.28      352.17      352.17      351.06      351.06      347.72      347.72      326.62      326.62      331.06      333.28
      338.84       345.5       345.5      347.72      347.72      348.83      349.95      351.06      352.17      353.28      356.61      356.61      353.28      351.06      351.06      349.95      349.95      348.83      348.83      347.72      347.72      346.61      346.61       335.5       335.5      339.95
      346.61      346.61      348.83      348.83      349.95      352.17      356.61      356.61      353.28      352.17      352.17      351.06      351.06      349.95      349.95      346.61      346.61       335.5       335.5      339.95      347.72      347.72      348.83      349.95      353.28      354.39
       355.5       355.5      354.39      354.39      353.28      353.28      352.17      352.17      351.06      351.06      349.95      349.95      346.61      346.61]","[     11.141       22.25       22.25      23.361      23.361      30.027      31.138      31.138       34.47       34.47      33.359      30.027      28.916      26.694      25.583      24.472      23.361       22.25      21.139      18.917      15.584      11.141      11.141      24.472      24.472       22.25
       22.25      28.916      30.027      32.248      33.359       34.47       34.47      35.581      35.581      36.692      36.692      28.916      28.916      26.694      23.361       22.25      21.139      20.028      18.917      17.806      16.695      15.584      11.141      11.141       22.25       22.25
      28.916      30.027      32.248      33.359      33.359      35.581      35.581      26.694      26.694      25.583      24.472      23.361      21.139      20.028      18.917      15.584      11.141      11.141       22.25       22.25      30.027      31.138      32.248      32.248      35.581      35.581
       34.47      31.138      30.027      27.805      26.694      25.583      24.472      23.361       22.25      21.139      20.028      18.917      15.584      11.141]"
22,['UG3DQUERUNTERZUG.SGY'],[50],162191.6089164082,-1491.1658709561948,3.741417474351872,1.0339794574610426,199.27819886158392,116.67555199098233,"[     178.86      178.86      166.64      166.64      164.42      164.42       162.2       162.2      161.09      161.09      159.98      159.98      157.75      157.75       152.2      148.87      148.87      153.31      154.42      154.42      157.75      157.75      158.86      158.86      159.98      159.98
      161.09      161.09      167.75      167.75      168.86      169.97       172.2       172.2      175.53      176.64      179.97      181.08      182.19       183.3      184.42      185.53      187.75      192.19       193.3      198.86      199.97       203.3      204.41      205.52      206.63      207.75
      209.97      211.08      211.08      212.19      212.19       213.3       213.3]","[     104.46      107.79      120.01      121.12      123.35      124.46      126.68      127.79       128.9      130.01      131.12      132.23      134.45      135.57      141.12      141.12      156.67      156.67      155.56      154.45      151.12      150.01       148.9      147.79      146.68      145.56
      144.45      143.34      136.68      135.57      134.45      134.45      132.23      131.12      127.79      127.79      124.46      124.46      123.35      123.35      122.23      122.23      120.01      120.01      121.12      121.12      122.23      122.23      121.12      121.12      120.01      121.12
      121.12      120.01       118.9      117.79      115.57      114.46      104.46]"
